,County,Station,YYYYMMDD,ToM,Daily Average,Validity,Date,Year,Month,Day,Day Number,Decimal Year
0,Ήπειρος,IOI,20160101,00:00,62,1,2016-01-01,2016,1,1,1,2016.0013661202186
1,Ήπειρος,IOI,20160102,00:00,65,1,2016-01-02,2016,1,2,2,2016.0040983606557
2,Ήπειρος,IOI,20160103,00:00,23,1,2016-01-03,2016,1,3,3,2016.0068306010928
3,Ήπειρος,IOI,20160104,00:00,14,1,2016-01-04,2016,1,4,4,2016.00956284153
4,Ήπειρος,IOI,20160105,00:00,24,1,2016-01-05,2016,1,5,5,2016.0122950819673
5,Ήπειρος,IOI,20160106,00:00,9,1,2016-01-06,2016,1,6,6,2016.0150273224044
6,Ήπειρος,IOI,20160107,00:00,15,1,2016-01-07,2016,1,7,7,2016.0177595628415
7,Ήπειρος,IOI,20160108,00:00,50,1,2016-01-08,2016,1,8,8,2016.0204918032787
8,Ήπειρος,IOI,20160109,00:00,48,1,2016-01-09,2016,1,9,9,2016.0232240437158
9,Ήπειρος,IOI,20160110,00:00,45,1,2016-01-10,2016,1,10,10,2016.025956284153
10,Ήπειρος,IOI,20160111,00:00,24,1,2016-01-11,2016,1,11,11,2016.02868852459
11,Ήπειρος,IOI,20160112,00:00,16,1,2016-01-12,2016,1,12,12,2016.0314207650274
12,Ήπειρος,IOI,20160113,00:00,24,1,2016-01-13,2016,1,13,13,2016.0341530054645
13,Ήπειρος,IOI,20160114,00:00,49,1,2016-01-14,2016,1,14,14,2016.0368852459017
14,Ήπειρος,IOI,20160115,00:00,23,1,2016-01-15,2016,1,15,15,2016.0396174863388
15,Ήπειρος,IOI,20160116,00:00,8,1,2016-01-16,2016,1,16,16,2016.042349726776
16,Ήπειρος,IOI,20160117,00:00,5,1,2016-01-17,2016,1,17,17,2016.045081967213
17,Ήπειρος,IOI,20160118,00:00,12,1,2016-01-18,2016,1,18,18,2016.0478142076502
18,Ήπειρος,IOI,20160119,00:00,25,1,2016-01-19,2016,1,19,19,2016.0505464480875
19,Ήπειρος,IOI,20160120,00:00,32,1,2016-01-20,2016,1,20,20,2016.0532786885246
20,Ήπειρος,IOI,20160121,00:00,50,1,2016-01-21,2016,1,21,21,2016.0560109289618
21,Ήπειρος,IOI,20160122,00:00,35,1,2016-01-22,2016,1,22,22,2016.058743169399
22,Ήπειρος,IOI,20160123,00:00,40,1,2016-01-23,2016,1,23,23,2016.061475409836
23,Ήπειρος,IOI,20160124,00:00,54,1,2016-01-24,2016,1,24,24,2016.0642076502731
24,Ήπειρος,IOI,20160125,00:00,47,1,2016-01-25,2016,1,25,25,2016.0669398907103
25,Ήπειρος,IOI,20160126,00:00,40,1,2016-01-26,2016,1,26,26,2016.0696721311476
26,Ήπειρος,IOI,20160127,00:00,42,1,2016-01-27,2016,1,27,27,2016.0724043715848
27,Ήπειρος,IOI,20160128,00:00,67,1,2016-01-28,2016,1,28,28,2016.0751366120219
28,Ήπειρος,IOI,20160129,00:00,62,1,2016-01-29,2016,1,29,29,2016.077868852459
29,Ήπειρος,IOI,20160130,00:00,40,1,2016-01-30,2016,1,30,30,2016.0806010928961
30,Ήπειρος,IOI,20160131,00:00,25,1,2016-01-31,2016,1,31,31,2016.0833333333333
31,Ήπειρος,IOI,20160201,00:00,39,1,2016-02-01,2016,2,1,32,2016.0860655737704
32,Ήπειρος,IOI,20160202,00:00,43,1,2016-02-02,2016,2,2,33,2016.0887978142077
33,Ήπειρος,IOI,20160203,00:00,20,1,2016-02-03,2016,2,3,34,2016.0915300546449
34,Ήπειρος,IOI,20160204,00:00,11,1,2016-02-04,2016,2,4,35,2016.094262295082
35,Ήπειρος,IOI,20160205,00:00,4,1,2016-02-05,2016,2,5,36,2016.0969945355191
36,Ήπειρος,IOI,20160206,00:00,16,1,2016-02-06,2016,2,6,37,2016.0997267759562
37,Ήπειρος,IOI,20160207,00:00,18,1,2016-02-07,2016,2,7,38,2016.1024590163934
38,Ήπειρος,IOI,20160208,00:00,20,1,2016-02-08,2016,2,8,39,2016.1051912568305
39,Ήπειρος,IOI,20160209,00:00,24,1,2016-02-09,2016,2,9,40,2016.1079234972678
40,Ήπειρος,IOI,20160210,00:00,6,1,2016-02-10,2016,2,10,41,2016.110655737705
41,Ήπειρος,IOI,20160211,00:00,17,1,2016-02-11,2016,2,11,42,2016.113387978142
42,Ήπειρος,IOI,20160212,00:00,29,1,2016-02-12,2016,2,12,43,2016.1161202185792
43,Ήπειρος,IOI,20160213,00:00,7,1,2016-02-13,2016,2,13,44,2016.1188524590164
44,Ήπειρος,IOI,20160214,00:00,13,1,2016-02-14,2016,2,14,45,2016.1215846994535
45,Ήπειρος,IOI,20160215,00:00,23,1,2016-02-15,2016,2,15,46,2016.1243169398906
46,Ήπειρος,IOI,20160216,00:00,29,1,2016-02-16,2016,2,16,47,2016.127049180328
47,Ήπειρος,IOI,20160217,00:00,30,1,2016-02-17,2016,2,17,48,2016.129781420765
48,Ήπειρος,IOI,20160218,00:00,17,1,2016-02-18,2016,2,18,49,2016.1325136612022
49,Ήπειρος,IOI,20160219,00:00,18,1,2016-02-19,2016,2,19,50,2016.1352459016393
50,Ήπειρος,IOI,20160220,00:00,12,1,2016-02-20,2016,2,20,51,2016.1379781420765
51,Ήπειρος,IOI,20160221,00:00,11,1,2016-02-21,2016,2,21,52,2016.1407103825136
52,Ήπειρος,IOI,20160222,00:00,35,1,2016-02-22,2016,2,22,53,2016.1434426229507
53,Ήπειρος,IOI,20160223,00:00,36,1,2016-02-23,2016,2,23,54,2016.146174863388
54,Ήπειρος,IOI,20160224,00:00,20,1,2016-02-24,2016,2,24,55,2016.1489071038252
55,Ήπειρος,IOI,20160225,00:00,16,1,2016-02-25,2016,2,25,56,2016.1516393442623
56,Ήπειρος,IOI,20160226,00:00,30,1,2016-02-26,2016,2,26,57,2016.1543715846994
57,Ήπειρος,IOI,20160227,00:00,22,1,2016-02-27,2016,2,27,58,2016.1571038251366
58,Ήπειρος,IOI,20160228,00:00,15,1,2016-02-28,2016,2,28,59,2016.1598360655737
59,Ήπειρος,IOI,20160229,00:00,107,1,2016-02-29,2016,2,29,60,2016.1625683060108
60,Ήπειρος,IOI,20160301,00:00,24,1,2016-03-01,2016,3,1,61,2016.1653005464482
61,Ήπειρος,IOI,20160302,00:00,9,1,2016-03-02,2016,3,2,62,2016.1680327868853
62,Ήπειρος,IOI,20160303,00:00,8,1,2016-03-03,2016,3,3,63,2016.1707650273224
63,Ήπειρος,IOI,20160304,00:00,10,1,2016-03-04,2016,3,4,64,2016.1734972677596
64,Ήπειρος,IOI,20160305,00:00,15,1,2016-03-05,2016,3,5,65,2016.1762295081967
65,Ήπειρος,IOI,20160306,00:00,12,1,2016-03-06,2016,3,6,66,2016.1789617486338
66,Ήπειρος,IOI,20160307,00:00,22,1,2016-03-07,2016,3,7,67,2016.181693989071
67,Ήπειρος,IOI,20160308,00:00,29,1,2016-03-08,2016,3,8,68,2016.1844262295083
68,Ήπειρος,IOI,20160309,00:00,24,1,2016-03-09,2016,3,9,69,2016.1871584699454
69,Ήπειρος,IOI,20160310,00:00,10,1,2016-03-10,2016,3,10,70,2016.1898907103825
70,Ήπειρος,IOI,20160311,00:00,15,1,2016-03-11,2016,3,11,71,2016.1926229508197
71,Ήπειρος,IOI,20160312,00:00,9,1,2016-03-12,2016,3,12,72,2016.1953551912568
72,Ήπειρος,IOI,20160313,00:00,11,1,2016-03-13,2016,3,13,73,2016.198087431694
73,Ήπειρος,IOI,20160314,00:00,12,1,2016-03-14,2016,3,14,74,2016.200819672131
74,Ήπειρος,IOI,20160315,00:00,8,1,2016-03-15,2016,3,15,75,2016.2035519125684
75,Ήπειρος,IOI,20160316,00:00,6,1,2016-03-16,2016,3,16,76,2016.2062841530055
76,Ήπειρος,IOI,20160317,00:00,9,1,2016-03-17,2016,3,17,77,2016.2090163934427
77,Ήπειρος,IOI,20160318,00:00,6,1,2016-03-18,2016,3,18,78,2016.2117486338798
78,Ήπειρος,IOI,20160319,00:00,16,1,2016-03-19,2016,3,19,79,2016.214480874317
79,Ήπειρος,IOI,20160320,00:00,25,1,2016-03-20,2016,3,20,80,2016.217213114754
80,Ήπειρος,IOI,20160321,00:00,24,1,2016-03-21,2016,3,21,81,2016.2199453551912
81,Ήπειρος,IOI,20160322,00:00,14,1,2016-03-22,2016,3,22,82,2016.2226775956285
82,Ήπειρος,IOI,20160323,00:00,174,1,2016-03-23,2016,3,23,83,2016.2254098360656
83,Ήπειρος,IOI,20160324,00:00,14,1,2016-03-24,2016,3,24,84,2016.2281420765028
84,Ήπειρος,IOI,20160325,00:00,13,1,2016-03-25,2016,3,25,85,2016.23087431694
85,Ήπειρος,IOI,20160326,00:00,19,1,2016-03-26,2016,3,26,86,2016.233606557377
86,Ήπειρος,IOI,20160327,00:00,18,1,2016-03-27,2016,3,27,87,2016.2363387978141
87,Ήπειρος,IOI,20160328,00:00,16,1,2016-03-28,2016,3,28,88,2016.2390710382513
88,Ήπειρος,IOI,20160329,00:00,29,1,2016-03-29,2016,3,29,89,2016.2418032786886
89,Ήπειρος,IOI,20160330,00:00,17,1,2016-03-30,2016,3,30,90,2016.2445355191257
90,Ήπειρος,IOI,20160331,00:00,18,1,2016-03-31,2016,3,31,91,2016.2472677595629
91,Ήπειρος,IOI,20160401,00:00,17,1,2016-04-01,2016,4,1,92,2016.25
92,Ήπειρος,IOI,20160402,00:00,21,1,2016-04-02,2016,4,2,93,2016.2527322404371
93,Ήπειρος,IOI,20160403,00:00,24,1,2016-04-03,2016,4,3,94,2016.2554644808743
94,Ήπειρος,IOI,20160404,00:00,27,1,2016-04-04,2016,4,4,95,2016.2581967213114
95,Ήπειρος,IOI,20160405,00:00,31,1,2016-04-05,2016,4,5,96,2016.2609289617487
96,Ήπειρος,IOI,20160406,00:00,24,1,2016-04-06,2016,4,6,97,2016.2636612021859
97,Ήπειρος,IOI,20160407,00:00,35,1,2016-04-07,2016,4,7,98,2016.266393442623
98,Ήπειρος,IOI,20160408,00:00,74,1,2016-04-08,2016,4,8,99,2016.26912568306
99,Ήπειρος,IOI,20160409,00:00,18,1,2016-04-09,2016,4,9,100,2016.2718579234972
100,Ήπειρος,IOI,20160410,00:00,10,1,2016-04-10,2016,4,10,101,2016.2745901639344
101,Ήπειρος,IOI,20160411,00:00,14,1,2016-04-11,2016,4,11,102,2016.2773224043715
102,Ήπειρος,IOI,20160412,00:00,19,1,2016-04-12,2016,4,12,103,2016.2800546448088
103,Ήπειρος,IOI,20160413,00:00,39,1,2016-04-13,2016,4,13,104,2016.282786885246
104,Ήπειρος,IOI,20160414,00:00,67,1,2016-04-14,2016,4,14,105,2016.285519125683
105,Ήπειρος,IOI,20160415,00:00,33,1,2016-04-15,2016,4,15,106,2016.2882513661202
106,Ήπειρος,IOI,20160416,00:00,30,1,2016-04-16,2016,4,16,107,2016.2909836065573
107,Ήπειρος,IOI,20160417,00:00,23,1,2016-04-17,2016,4,17,108,2016.2937158469945
108,Ήπειρος,IOI,20160418,00:00,33,1,2016-04-18,2016,4,18,109,2016.2964480874316
109,Ήπειρος,IOI,20160419,00:00,22,1,2016-04-19,2016,4,19,110,2016.299180327869
110,Ήπειρος,IOI,20160420,00:00,35,1,2016-04-20,2016,4,20,111,2016.301912568306
111,Ήπειρος,IOI,20160421,00:00,29,1,2016-04-21,2016,4,21,112,2016.3046448087432
112,Ήπειρος,IOI,20160422,00:00,25,1,2016-04-22,2016,4,22,113,2016.3073770491803
113,Ήπειρος,IOI,20160423,00:00,26,1,2016-04-23,2016,4,23,114,2016.3101092896175
114,Ήπειρος,IOI,20160424,00:00,15,1,2016-04-24,2016,4,24,115,2016.3128415300546
115,Ήπειρος,IOI,20160425,00:00,11,1,2016-04-25,2016,4,25,116,2016.3155737704917
116,Ήπειρος,IOI,20160426,00:00,10,1,2016-04-26,2016,4,26,117,2016.318306010929
117,Ήπειρος,IOI,20160427,00:00,17,1,2016-04-27,2016,4,27,118,2016.3210382513662
118,Ήπειρος,IOI,20160428,00:00,19,1,2016-04-28,2016,4,28,119,2016.3237704918033
119,Ήπειρος,IOI,20160429,00:00,21,1,2016-04-29,2016,4,29,120,2016.3265027322404
120,Ήπειρος,IOI,20160430,00:00,17,1,2016-04-30,2016,4,30,121,2016.3292349726776
182,Ήπειρος,IOI,20160701,00:00,35,1,2016-07-01,2016,7,1,183,2016.4986338797814
254,Ήπειρος,IOI,20160911,00:00,29,1,2016-09-11,2016,9,11,255,2016.6953551912568
255,Ήπειρος,IOI,20160912,00:00,42,1,2016-09-12,2016,9,12,256,2016.698087431694
256,Ήπειρος,IOI,20160913,00:00,36,1,2016-09-13,2016,9,13,257,2016.700819672131
257,Ήπειρος,IOI,20160914,00:00,28,1,2016-09-14,2016,9,14,258,2016.7035519125684
258,Ήπειρος,IOI,20160915,00:00,34,1,2016-09-15,2016,9,15,259,2016.7062841530055
259,Ήπειρος,IOI,20160916,00:00,37,1,2016-09-16,2016,9,16,260,2016.7090163934427
260,Ήπειρος,IOI,20160917,00:00,33,1,2016-09-17,2016,9,17,261,2016.7117486338798
261,Ήπειρος,IOI,20160918,00:00,29,1,2016-09-18,2016,9,18,262,2016.714480874317
262,Ήπειρος,IOI,20160919,00:00,17,1,2016-09-19,2016,9,19,263,2016.717213114754
263,Ήπειρος,IOI,20160920,00:00,16,1,2016-09-20,2016,9,20,264,2016.7199453551912
264,Ήπειρος,IOI,20160921,00:00,22,1,2016-09-21,2016,9,21,265,2016.7226775956285
265,Ήπειρος,IOI,20160922,00:00,18,1,2016-09-22,2016,9,22,266,2016.7254098360656
266,Ήπειρος,IOI,20160923,00:00,28,1,2016-09-23,2016,9,23,267,2016.7281420765028
267,Ήπειρος,IOI,20160924,00:00,26,1,2016-09-24,2016,9,24,268,2016.73087431694
268,Ήπειρος,IOI,20160925,00:00,27,1,2016-09-25,2016,9,25,269,2016.733606557377
269,Ήπειρος,IOI,20160926,00:00,31,1,2016-09-26,2016,9,26,270,2016.7363387978141
270,Ήπειρος,IOI,20160927,00:00,29,1,2016-09-27,2016,9,27,271,2016.7390710382513
271,Ήπειρος,IOI,20160928,00:00,31,1,2016-09-28,2016,9,28,272,2016.7418032786886
272,Ήπειρος,IOI,20160929,00:00,32,1,2016-09-29,2016,9,29,273,2016.7445355191257
273,Ήπειρος,IOI,20160930,00:00,35,1,2016-09-30,2016,9,30,274,2016.7472677595629
274,Ήπειρος,IOI,20161001,00:00,37,1,2016-10-01,2016,10,1,275,2016.75
275,Ήπειρος,IOI,20161002,00:00,32,1,2016-10-02,2016,10,2,276,2016.7527322404371
276,Ήπειρος,IOI,20161003,00:00,29,1,2016-10-03,2016,10,3,277,2016.7554644808743
277,Ήπειρος,IOI,20161004,00:00,23,1,2016-10-04,2016,10,4,278,2016.7581967213114
278,Ήπειρος,IOI,20161005,00:00,22,1,2016-10-05,2016,10,5,279,2016.7609289617487
279,Ήπειρος,IOI,20161006,00:00,22,1,2016-10-06,2016,10,6,280,2016.7636612021859
280,Ήπειρος,IOI,20161007,00:00,20,1,2016-10-07,2016,10,7,281,2016.766393442623
281,Ήπειρος,IOI,20161008,00:00,18,1,2016-10-08,2016,10,8,282,2016.76912568306
282,Ήπειρος,IOI,20161009,00:00,23,1,2016-10-09,2016,10,9,283,2016.7718579234972
283,Ήπειρος,IOI,20161010,00:00,14,1,2016-10-10,2016,10,10,284,2016.7745901639344
284,Ήπειρος,IOI,20161011,00:00,19,1,2016-10-11,2016,10,11,285,2016.7773224043715
285,Ήπειρος,IOI,20161012,00:00,14,1,2016-10-12,2016,10,12,286,2016.7800546448088
286,Ήπειρος,IOI,20161013,00:00,29,1,2016-10-13,2016,10,13,287,2016.782786885246
287,Ήπειρος,IOI,20161014,00:00,36,1,2016-10-14,2016,10,14,288,2016.785519125683
288,Ήπειρος,IOI,20161015,00:00,39,1,2016-10-15,2016,10,15,289,2016.7882513661202
289,Ήπειρος,IOI,20161016,00:00,43,1,2016-10-16,2016,10,16,290,2016.7909836065573
290,Ήπειρος,IOI,20161017,00:00,26,1,2016-10-17,2016,10,17,291,2016.7937158469945
291,Ήπειρος,IOI,20161018,00:00,10,1,2016-10-18,2016,10,18,292,2016.7964480874316
292,Ήπειρος,IOI,20161019,00:00,20,1,2016-10-19,2016,10,19,293,2016.799180327869
293,Ήπειρος,IOI,20161020,00:00,22,1,2016-10-20,2016,10,20,294,2016.801912568306
294,Ήπειρος,IOI,20161021,00:00,14,1,2016-10-21,2016,10,21,295,2016.8046448087432
295,Ήπειρος,IOI,20161022,00:00,16,1,2016-10-22,2016,10,22,296,2016.8073770491803
296,Ήπειρος,IOI,20161023,00:00,24,1,2016-10-23,2016,10,23,297,2016.8101092896175
297,Ήπειρος,IOI,20161024,00:00,24,1,2016-10-24,2016,10,24,298,2016.8128415300546
298,Ήπειρος,IOI,20161025,00:00,41,1,2016-10-25,2016,10,25,299,2016.8155737704917
299,Ήπειρος,IOI,20161026,00:00,41,1,2016-10-26,2016,10,26,300,2016.818306010929
300,Ήπειρος,IOI,20161027,00:00,26,1,2016-10-27,2016,10,27,301,2016.8210382513662
301,Ήπειρος,IOI,20161028,00:00,15,1,2016-10-28,2016,10,28,302,2016.8237704918033
302,Ήπειρος,IOI,20161029,00:00,24,1,2016-10-29,2016,10,29,303,2016.8265027322404
303,Ήπειρος,IOI,20161030,00:00,30,1,2016-10-30,2016,10,30,304,2016.8292349726776
304,Ήπειρος,IOI,20161031,00:00,14,1,2016-10-31,2016,10,31,305,2016.8319672131147
305,Ήπειρος,IOI,20161101,00:00,35,1,2016-11-01,2016,11,1,306,2016.8346994535518
306,Ήπειρος,IOI,20161102,00:00,33,1,2016-11-02,2016,11,2,307,2016.8374316939892
307,Ήπειρος,IOI,20161103,00:00,36,1,2016-11-03,2016,11,3,308,2016.8401639344263
308,Ήπειρος,IOI,20161104,00:00,31,1,2016-11-04,2016,11,4,309,2016.8428961748634
309,Ήπειρος,IOI,20161105,00:00,32,1,2016-11-05,2016,11,5,310,2016.8456284153006
310,Ήπειρος,IOI,20161106,00:00,20,1,2016-11-06,2016,11,6,311,2016.8483606557377
311,Ήπειρος,IOI,20161107,00:00,34,1,2016-11-07,2016,11,7,312,2016.8510928961748
312,Ήπειρος,IOI,20161108,00:00,96,1,2016-11-08,2016,11,8,313,2016.853825136612
313,Ήπειρος,IOI,20161109,00:00,16,1,2016-11-09,2016,11,9,314,2016.8565573770493
314,Ήπειρος,IOI,20161110,00:00,31,1,2016-11-10,2016,11,10,315,2016.8592896174864
315,Ήπειρος,IOI,20161111,00:00,33,1,2016-11-11,2016,11,11,316,2016.8620218579235
316,Ήπειρος,IOI,20161112,00:00,16,1,2016-11-12,2016,11,12,317,2016.8647540983607
317,Ήπειρος,IOI,20161113,00:00,26,1,2016-11-13,2016,11,13,318,2016.8674863387978
318,Ήπειρος,IOI,20161114,00:00,45,1,2016-11-14,2016,11,14,319,2016.870218579235
319,Ήπειρος,IOI,20161115,00:00,38,1,2016-11-15,2016,11,15,320,2016.872950819672
320,Ήπειρος,IOI,20161116,00:00,35,1,2016-11-16,2016,11,16,321,2016.8756830601094
321,Ήπειρος,IOI,20161117,00:00,50,1,2016-11-17,2016,11,17,322,2016.8784153005465
322,Ήπειρος,IOI,20161118,00:00,41,1,2016-11-18,2016,11,18,323,2016.8811475409836
323,Ήπειρος,IOI,20161119,00:00,34,1,2016-11-19,2016,11,19,324,2016.8838797814208
324,Ήπειρος,IOI,20161120,00:00,69,1,2016-11-20,2016,11,20,325,2016.886612021858
325,Ήπειρος,IOI,20161121,00:00,76,1,2016-11-21,2016,11,21,326,2016.889344262295
326,Ήπειρος,IOI,20161122,00:00,69,1,2016-11-22,2016,11,22,327,2016.8920765027322
327,Ήπειρος,IOI,20161123,00:00,68,1,2016-11-23,2016,11,23,328,2016.8948087431695
328,Ήπειρος,IOI,20161124,00:00,58,1,2016-11-24,2016,11,24,329,2016.8975409836066
329,Ήπειρος,IOI,20161125,00:00,65,1,2016-11-25,2016,11,25,330,2016.9002732240438
330,Ήπειρος,IOI,20161126,00:00,43,1,2016-11-26,2016,11,26,331,2016.9030054644809
331,Ήπειρος,IOI,20161127,00:00,26,1,2016-11-27,2016,11,27,332,2016.905737704918
332,Ήπειρος,IOI,20161128,00:00,26,1,2016-11-28,2016,11,28,333,2016.9084699453551
333,Ήπειρος,IOI,20161129,00:00,9,1,2016-11-29,2016,11,29,334,2016.9112021857923
334,Ήπειρος,IOI,20161130,00:00,13,1,2016-11-30,2016,11,30,335,2016.9139344262296
335,Ήπειρος,IOI,20161201,00:00,35,1,2016-12-01,2016,12,1,337,2016.9193989071039
336,Ήπειρος,IOI,20161202,00:00,47,1,2016-12-02,2016,12,2,338,2016.922131147541
337,Ήπειρος,IOI,20161203,00:00,58,1,2016-12-03,2016,12,3,339,2016.9248633879781
338,Ήπειρος,IOI,20161204,00:00,22,1,2016-12-04,2016,12,4,340,2016.9275956284152
339,Ήπειρος,IOI,20161205,00:00,14,1,2016-12-05,2016,12,5,341,2016.9303278688524
340,Ήπειρος,IOI,20161206,00:00,28,1,2016-12-06,2016,12,6,342,2016.9330601092897
341,Ήπειρος,IOI,20161207,00:00,28,1,2016-12-07,2016,12,7,343,2016.9357923497269
342,Ήπειρος,IOI,20161208,00:00,35,1,2016-12-08,2016,12,8,344,2016.938524590164
343,Ήπειρος,IOI,20161209,00:00,69,1,2016-12-09,2016,12,9,345,2016.941256830601
344,Ήπειρος,IOI,20161210,00:00,93,1,2016-12-10,2016,12,10,346,2016.9439890710382
345,Ήπειρος,IOI,20161211,00:00,96,1,2016-12-11,2016,12,11,347,2016.9467213114754
346,Ήπειρος,IOI,20161212,00:00,65,1,2016-12-12,2016,12,12,348,2016.9494535519125
347,Ήπειρος,IOI,20161213,00:00,10,1,2016-12-13,2016,12,13,349,2016.9521857923498
348,Ήπειρος,IOI,20161214,00:00,30,1,2016-12-14,2016,12,14,350,2016.954918032787
349,Ήπειρος,IOI,20161215,00:00,46,1,2016-12-15,2016,12,15,351,2016.957650273224
350,Ήπειρος,IOI,20161216,00:00,14,1,2016-12-16,2016,12,16,352,2016.9603825136612
351,Ήπειρος,IOI,20161217,00:00,16,1,2016-12-17,2016,12,17,353,2016.9631147540983
352,Ήπειρος,IOI,20161218,00:00,78,1,2016-12-18,2016,12,18,354,2016.9658469945355
353,Ήπειρος,IOI,20161219,00:00,101,1,2016-12-19,2016,12,19,355,2016.9685792349726
354,Ήπειρος,IOI,20161220,00:00,100,1,2016-12-20,2016,12,20,356,2016.97131147541
355,Ήπειρος,IOI,20161221,00:00,32,1,2016-12-21,2016,12,21,357,2016.974043715847
356,Ήπειρος,IOI,20161222,00:00,14,1,2016-12-22,2016,12,22,358,2016.9767759562842
357,Ήπειρος,IOI,20161223,00:00,33,1,2016-12-23,2016,12,23,359,2016.9795081967213
358,Ήπειρος,IOI,20161224,00:00,59,1,2016-12-24,2016,12,24,360,2016.9822404371585
359,Ήπειρος,IOI,20161225,00:00,116,1,2016-12-25,2016,12,25,361,2016.9849726775956
360,Ήπειρος,IOI,20161226,00:00,81,1,2016-12-26,2016,12,26,362,2016.9877049180327
361,Ήπειρος,IOI,20161227,00:00,84,1,2016-12-27,2016,12,27,363,2016.99043715847
362,Ήπειρος,IOI,20161228,00:00,16,1,2016-12-28,2016,12,28,364,2016.9931693989072
363,Ήπειρος,IOI,20161229,00:00,4,1,2016-12-29,2016,12,29,365,2016.9959016393443
364,Ήπειρος,IOI,20161230,00:00,9,1,2016-12-30,2016,12,30,366,2016.9986338797814
365,Ήπειρος,IOI,20161231,00:00,25,1,2016-12-31,2016,12,31,367,2017.0013661202186
366,Ήπειρος,IOI,20170101,00:00,58,1,2017-01-01,2017,1,1,1,2017.0013698630137
367,Ήπειρος,IOI,20170102,00:00,95,1,2017-01-02,2017,1,2,2,2017.004109589041
368,Ήπειρος,IOI,20170103,00:00,71,1,2017-01-03,2017,1,3,3,2017.0068493150684
369,Ήπειρος,IOI,20170104,00:00,20,1,2017-01-04,2017,1,4,4,2017.009589041096
370,Ήπειρος,IOI,20170105,00:00,18,1,2017-01-05,2017,1,5,5,2017.0123287671233
371,Ήπειρος,IOI,20170106,00:00,5,1,2017-01-06,2017,1,6,6,2017.0150684931507
372,Ήπειρος,IOI,20170107,00:00,22,1,2017-01-07,2017,1,7,7,2017.017808219178
373,Ήπειρος,IOI,20170108,00:00,23,1,2017-01-08,2017,1,8,8,2017.0205479452054
374,Ήπειρος,IOI,20170109,00:00,27,1,2017-01-09,2017,1,9,9,2017.0232876712328
375,Ήπειρος,IOI,20170110,00:00,34,1,2017-01-10,2017,1,10,10,2017.0260273972603
376,Ήπειρος,IOI,20170111,00:00,82,1,2017-01-11,2017,1,11,11,2017.0287671232877
377,Ήπειρος,IOI,20170112,00:00,157,1,2017-01-12,2017,1,12,12,2017.031506849315
378,Ήπειρος,IOI,20170113,00:00,113,1,2017-01-13,2017,1,13,13,2017.0342465753424
379,Ήπειρος,IOI,20170114,00:00,28,1,2017-01-14,2017,1,14,14,2017.0369863013698
380,Ήπειρος,IOI,20170115,00:00,33,1,2017-01-15,2017,1,15,15,2017.0397260273974
381,Ήπειρος,IOI,20170116,00:00,7,1,2017-01-16,2017,1,16,16,2017.0424657534247
382,Ήπειρος,IOI,20170117,00:00,13,1,2017-01-17,2017,1,17,17,2017.045205479452
383,Ήπειρος,IOI,20170118,00:00,6,1,2017-01-18,2017,1,18,18,2017.0479452054794
384,Ήπειρος,IOI,20170119,00:00,8,1,2017-01-19,2017,1,19,19,2017.0506849315068
385,Ήπειρος,IOI,20170120,00:00,20,1,2017-01-20,2017,1,20,20,2017.0534246575342
386,Ήπειρος,IOI,20170121,00:00,57,1,2017-01-21,2017,1,21,21,2017.0561643835617
387,Ήπειρος,IOI,20170122,00:00,40,1,2017-01-22,2017,1,22,22,2017.058904109589
388,Ήπειρος,IOI,20170123,00:00,32,1,2017-01-23,2017,1,23,23,2017.0616438356165
389,Ήπειρος,IOI,20170124,00:00,26,1,2017-01-24,2017,1,24,24,2017.0643835616438
390,Ήπειρος,IOI,20170125,00:00,64,1,2017-01-25,2017,1,25,25,2017.0671232876712
391,Ήπειρος,IOI,20170126,00:00,45,1,2017-01-26,2017,1,26,26,2017.0698630136985
392,Ήπειρος,IOI,20170127,00:00,38,1,2017-01-27,2017,1,27,27,2017.072602739726
393,Ήπειρος,IOI,20170128,00:00,71,1,2017-01-28,2017,1,28,28,2017.0753424657535
394,Ήπειρος,IOI,20170129,00:00,65,1,2017-01-29,2017,1,29,29,2017.0780821917808
395,Ήπειρος,IOI,20170130,00:00,46,1,2017-01-30,2017,1,30,30,2017.0808219178082
396,Ήπειρος,IOI,20170131,00:00,28,1,2017-01-31,2017,1,31,31,2017.0835616438355
397,Ήπειρος,IOI,20170201,00:00,23,1,2017-02-01,2017,2,1,32,2017.0863013698631
398,Ήπειρος,IOI,20170202,00:00,44,1,2017-02-02,2017,2,2,33,2017.0890410958905
399,Ήπειρος,IOI,20170203,00:00,35,1,2017-02-03,2017,2,3,34,2017.0917808219178
400,Ήπειρος,IOI,20170204,00:00,20,1,2017-02-04,2017,2,4,35,2017.0945205479452
401,Ήπειρος,IOI,20170205,00:00,32,1,2017-02-05,2017,2,5,36,2017.0972602739726
402,Ήπειρος,IOI,20170206,00:00,15,1,2017-02-06,2017,2,6,37,2017.1
403,Ήπειρος,IOI,20170207,00:00,22,1,2017-02-07,2017,2,7,38,2017.1027397260275
404,Ήπειρος,IOI,20170208,00:00,38,1,2017-02-08,2017,2,8,39,2017.1054794520549
405,Ήπειρος,IOI,20170209,00:00,21,1,2017-02-09,2017,2,9,40,2017.1082191780822
406,Ήπειρος,IOI,20170210,00:00,9,1,2017-02-10,2017,2,10,41,2017.1109589041096
407,Ήπειρος,IOI,20170211,00:00,9,1,2017-02-11,2017,2,11,42,2017.113698630137
408,Ήπειρος,IOI,20170212,00:00,20,1,2017-02-12,2017,2,12,43,2017.1164383561643
409,Ήπειρος,IOI,20170213,00:00,17,1,2017-02-13,2017,2,13,44,2017.1191780821919
410,Ήπειρος,IOI,20170214,00:00,32,1,2017-02-14,2017,2,14,45,2017.1219178082192
411,Ήπειρος,IOI,20170215,00:00,64,1,2017-02-15,2017,2,15,46,2017.1246575342466
412,Ήπειρος,IOI,20170216,00:00,52,1,2017-02-16,2017,2,16,47,2017.127397260274
413,Ήπειρος,IOI,20170217,00:00,37,1,2017-02-17,2017,2,17,48,2017.1301369863013
414,Ήπειρος,IOI,20170218,00:00,26,1,2017-02-18,2017,2,18,49,2017.1328767123289
415,Ήπειρος,IOI,20170219,00:00,14,1,2017-02-19,2017,2,19,50,2017.1356164383562
416,Ήπειρος,IOI,20170220,00:00,35,1,2017-02-20,2017,2,20,51,2017.1383561643836
417,Ήπειρος,IOI,20170221,00:00,37,1,2017-02-21,2017,2,21,52,2017.141095890411
418,Ήπειρος,IOI,20170222,00:00,32,1,2017-02-22,2017,2,22,53,2017.1438356164383
419,Ήπειρος,IOI,20170223,00:00,26,1,2017-02-23,2017,2,23,54,2017.1465753424657
420,Ήπειρος,IOI,20170224,00:00,26,1,2017-02-24,2017,2,24,55,2017.1493150684933
421,Ήπειρος,IOI,20170225,00:00,32,1,2017-02-25,2017,2,25,56,2017.1520547945206
422,Ήπειρος,IOI,20170226,00:00,57,1,2017-02-26,2017,2,26,57,2017.154794520548
423,Ήπειρος,IOI,20170227,00:00,47,1,2017-02-27,2017,2,27,58,2017.1575342465753
424,Ήπειρος,IOI,20170228,00:00,38,1,2017-02-28,2017,2,28,59,2017.1602739726027
425,Ήπειρος,IOI,20170301,00:00,26,1,2017-03-01,2017,3,1,60,2017.16301369863
426,Ήπειρος,IOI,20170302,00:00,25,1,2017-03-02,2017,3,2,61,2017.1657534246576
427,Ήπειρος,IOI,20170303,00:00,33,1,2017-03-03,2017,3,3,62,2017.168493150685
428,Ήπειρος,IOI,20170304,00:00,23,1,2017-03-04,2017,3,4,63,2017.1712328767123
429,Ήπειρος,IOI,20170305,00:00,21,1,2017-03-05,2017,3,5,64,2017.1739726027397
430,Ήπειρος,IOI,20170306,00:00,21,1,2017-03-06,2017,3,6,65,2017.176712328767
431,Ήπειρος,IOI,20170307,00:00,10,1,2017-03-07,2017,3,7,66,2017.1794520547944
432,Ήπειρος,IOI,20170308,00:00,14,1,2017-03-08,2017,3,8,67,2017.182191780822
433,Ήπειρος,IOI,20170309,00:00,12,1,2017-03-09,2017,3,9,68,2017.1849315068494
434,Ήπειρος,IOI,20170310,00:00,17,1,2017-03-10,2017,3,10,69,2017.1876712328767
435,Ήπειρος,IOI,20170311,00:00,11,1,2017-03-11,2017,3,11,70,2017.190410958904
436,Ήπειρος,IOI,20170312,00:00,15,1,2017-03-12,2017,3,12,71,2017.1931506849314
437,Ήπειρος,IOI,20170313,00:00,25,1,2017-03-13,2017,3,13,72,2017.195890410959
438,Ήπειρος,IOI,20170314,00:00,29,1,2017-03-14,2017,3,14,73,2017.1986301369864
439,Ήπειρος,IOI,20170315,00:00,33,1,2017-03-15,2017,3,15,74,2017.2013698630137
440,Ήπειρος,IOI,20170316,00:00,30,1,2017-03-16,2017,3,16,75,2017.204109589041
441,Ήπειρος,IOI,20170317,00:00,37,1,2017-03-17,2017,3,17,76,2017.2068493150684
442,Ήπειρος,IOI,20170318,00:00,32,1,2017-03-18,2017,3,18,77,2017.2095890410958
443,Ήπειρος,IOI,20170319,00:00,26,1,2017-03-19,2017,3,19,78,2017.2123287671234
444,Ήπειρος,IOI,20170320,00:00,32,1,2017-03-20,2017,3,20,79,2017.2150684931507
445,Ήπειρος,IOI,20170321,00:00,34,1,2017-03-21,2017,3,21,80,2017.217808219178
446,Ήπειρος,IOI,20170322,00:00,36,1,2017-03-22,2017,3,22,81,2017.2205479452055
447,Ήπειρος,IOI,20170323,00:00,37,1,2017-03-23,2017,3,23,82,2017.2232876712328
448,Ήπειρος,IOI,20170324,00:00,41,1,2017-03-24,2017,3,24,83,2017.2260273972602
449,Ήπειρος,IOI,20170325,00:00,34,1,2017-03-25,2017,3,25,84,2017.2287671232878
450,Ήπειρος,IOI,20170326,00:00,19,1,2017-03-26,2017,3,26,85,2017.231506849315
451,Ήπειρος,IOI,20170327,00:00,21,1,2017-03-27,2017,3,27,86,2017.2342465753425
452,Ήπειρος,IOI,20170328,00:00,14,1,2017-03-28,2017,3,28,87,2017.2369863013698
453,Ήπειρος,IOI,20170329,00:00,20,1,2017-03-29,2017,3,29,88,2017.2397260273972
454,Ήπειρος,IOI,20170330,00:00,34,1,2017-03-30,2017,3,30,89,2017.2424657534248
455,Ήπειρος,IOI,20170331,00:00,32,1,2017-03-31,2017,3,31,90,2017.2452054794521
456,Ήπειρος,IOI,20170401,00:00,28,1,2017-04-01,2017,4,1,91,2017.2479452054795
457,Ήπειρος,IOI,20170402,00:00,20,1,2017-04-02,2017,4,2,92,2017.2506849315068
458,Ήπειρος,IOI,20170403,00:00,19,1,2017-04-03,2017,4,3,93,2017.2534246575342
459,Ήπειρος,IOI,20170404,00:00,23,1,2017-04-04,2017,4,4,94,2017.2561643835616
460,Ήπειρος,IOI,20170405,00:00,24,1,2017-04-05,2017,4,5,95,2017.2589041095891
461,Ήπειρος,IOI,20170406,00:00,23,1,2017-04-06,2017,4,6,96,2017.2616438356165
462,Ήπειρος,IOI,20170407,00:00,19,1,2017-04-07,2017,4,7,97,2017.2643835616439
463,Ήπειρος,IOI,20170408,00:00,22,1,2017-04-08,2017,4,8,98,2017.2671232876712
464,Ήπειρος,IOI,20170409,00:00,20,1,2017-04-09,2017,4,9,99,2017.2698630136986
465,Ήπειρος,IOI,20170410,00:00,26,1,2017-04-10,2017,4,10,100,2017.272602739726
466,Ήπειρος,IOI,20170411,00:00,26,1,2017-04-11,2017,4,11,101,2017.2753424657535
467,Ήπειρος,IOI,20170412,00:00,31,1,2017-04-12,2017,4,12,102,2017.2780821917809
468,Ήπειρος,IOI,20170413,00:00,28,1,2017-04-13,2017,4,13,103,2017.2808219178082
469,Ήπειρος,IOI,20170414,00:00,26,1,2017-04-14,2017,4,14,104,2017.2835616438356
470,Ήπειρος,IOI,20170415,00:00,25,1,2017-04-15,2017,4,15,105,2017.286301369863
471,Ήπειρος,IOI,20170416,00:00,18,1,2017-04-16,2017,4,16,106,2017.2890410958903
472,Ήπειρος,IOI,20170417,00:00,18,1,2017-04-17,2017,4,17,107,2017.2917808219179
473,Ήπειρος,IOI,20170418,00:00,18,1,2017-04-18,2017,4,18,108,2017.2945205479452
474,Ήπειρος,IOI,20170419,00:00,21,1,2017-04-19,2017,4,19,109,2017.2972602739726
475,Ήπειρος,IOI,20170420,00:00,8,1,2017-04-20,2017,4,20,110,2017.3
476,Ήπειρος,IOI,20170421,00:00,17,1,2017-04-21,2017,4,21,111,2017.3027397260273
477,Ήπειρος,IOI,20170422,00:00,20,1,2017-04-22,2017,4,22,112,2017.305479452055
478,Ήπειρος,IOI,20170423,00:00,24,1,2017-04-23,2017,4,23,113,2017.3082191780823
479,Ήπειρος,IOI,20170424,00:00,25,1,2017-04-24,2017,4,24,114,2017.3109589041096
480,Ήπειρος,IOI,20170425,00:00,18,1,2017-04-25,2017,4,25,115,2017.313698630137
481,Ήπειρος,IOI,20170426,00:00,24,1,2017-04-26,2017,4,26,116,2017.3164383561643
482,Ήπειρος,IOI,20170427,00:00,31,1,2017-04-27,2017,4,27,117,2017.3191780821917
483,Ήπειρος,IOI,20170428,00:00,37,1,2017-04-28,2017,4,28,118,2017.3219178082193
484,Ήπειρος,IOI,20170429,00:00,59,1,2017-04-29,2017,4,29,119,2017.3246575342466
485,Ήπειρος,IOI,20170430,00:00,60,1,2017-04-30,2017,4,30,120,2017.327397260274
486,Ήπειρος,IOI,20170501,00:00,48,1,2017-05-01,2017,5,1,121,2017.3301369863013
487,Ήπειρος,IOI,20170502,00:00,46,1,2017-05-02,2017,5,2,122,2017.3328767123287
488,Ήπειρος,IOI,20170503,00:00,36,1,2017-05-03,2017,5,3,123,2017.335616438356
489,Ήπειρος,IOI,20170504,00:00,35,1,2017-05-04,2017,5,4,124,2017.3383561643836
490,Ήπειρος,IOI,20170505,00:00,28,1,2017-05-05,2017,5,5,125,2017.341095890411
491,Ήπειρος,IOI,20170506,00:00,18,1,2017-05-06,2017,5,6,126,2017.3438356164384
492,Ήπειρος,IOI,20170507,00:00,25,1,2017-05-07,2017,5,7,127,2017.3465753424657
493,Ήπειρος,IOI,20170508,00:00,21,1,2017-05-08,2017,5,8,128,2017.349315068493
494,Ήπειρος,IOI,20170509,00:00,21,1,2017-05-09,2017,5,9,129,2017.3520547945207
495,Ήπειρος,IOI,20170510,00:00,17,1,2017-05-10,2017,5,10,130,2017.354794520548
496,Ήπειρος,IOI,20170511,00:00,25,1,2017-05-11,2017,5,11,131,2017.3575342465754
497,Ήπειρος,IOI,20170512,00:00,37,1,2017-05-12,2017,5,12,132,2017.3602739726027
498,Ήπειρος,IOI,20170513,00:00,80,1,2017-05-13,2017,5,13,133,2017.36301369863
499,Ήπειρος,IOI,20170514,00:00,34,1,2017-05-14,2017,5,14,134,2017.3657534246574
500,Ήπειρος,IOI,20170515,00:00,38,1,2017-05-15,2017,5,15,135,2017.368493150685
501,Ήπειρος,IOI,20170516,00:00,24,1,2017-05-16,2017,5,16,136,2017.3712328767124
502,Ήπειρος,IOI,20170517,00:00,26,1,2017-05-17,2017,5,17,137,2017.3739726027397
503,Ήπειρος,IOI,20170518,00:00,19,1,2017-05-18,2017,5,18,138,2017.376712328767
504,Ήπειρος,IOI,20170519,00:00,29,1,2017-05-19,2017,5,19,139,2017.3794520547945
505,Ήπειρος,IOI,20170520,00:00,32,1,2017-05-20,2017,5,20,140,2017.3821917808218
506,Ήπειρος,IOI,20170521,00:00,15,1,2017-05-21,2017,5,21,141,2017.3849315068494
507,Ήπειρος,IOI,20170522,00:00,27,1,2017-05-22,2017,5,22,142,2017.3876712328768
508,Ήπειρος,IOI,20170523,00:00,25,1,2017-05-23,2017,5,23,143,2017.390410958904
509,Ήπειρος,IOI,20170524,00:00,25,1,2017-05-24,2017,5,24,144,2017.3931506849315
510,Ήπειρος,IOI,20170525,00:00,21,1,2017-05-25,2017,5,25,145,2017.3958904109588
511,Ήπειρος,IOI,20170526,00:00,15,1,2017-05-26,2017,5,26,146,2017.3986301369864
512,Ήπειρος,IOI,20170527,00:00,27,1,2017-05-27,2017,5,27,147,2017.4013698630138
513,Ήπειρος,IOI,20170528,00:00,16,1,2017-05-28,2017,5,28,148,2017.4041095890411
514,Ήπειρος,IOI,20170529,00:00,25,1,2017-05-29,2017,5,29,149,2017.4068493150685
515,Ήπειρος,IOI,20170530,00:00,24,1,2017-05-30,2017,5,30,150,2017.4095890410958
516,Ήπειρος,IOI,20170531,00:00,22,1,2017-05-31,2017,5,31,151,2017.4123287671232
517,Ήπειρος,IOI,20170601,00:00,28,1,2017-06-01,2017,6,1,152,2017.4150684931508
518,Ήπειρος,IOI,20170602,00:00,24,1,2017-06-02,2017,6,2,153,2017.4178082191781
519,Ήπειρος,IOI,20170603,00:00,25,1,2017-06-03,2017,6,3,154,2017.4205479452055
520,Ήπειρος,IOI,20170604,00:00,36,1,2017-06-04,2017,6,4,155,2017.4232876712329
521,Ήπειρος,IOI,20170605,00:00,23,1,2017-06-05,2017,6,5,156,2017.4260273972602
522,Ήπειρος,IOI,20170606,00:00,28,1,2017-06-06,2017,6,6,157,2017.4287671232876
523,Ήπειρος,IOI,20170607,00:00,35,1,2017-06-07,2017,6,7,158,2017.4315068493152
524,Ήπειρος,IOI,20170608,00:00,26,1,2017-06-08,2017,6,8,159,2017.4342465753425
525,Ήπειρος,IOI,20170609,00:00,30,1,2017-06-09,2017,6,9,160,2017.4369863013699
526,Ήπειρος,IOI,20170610,00:00,21,1,2017-06-10,2017,6,10,161,2017.4397260273972
527,Ήπειρος,IOI,20170611,00:00,20,1,2017-06-11,2017,6,11,162,2017.4424657534246
528,Ήπειρος,IOI,20170612,00:00,21,1,2017-06-12,2017,6,12,163,2017.445205479452
529,Ήπειρος,IOI,20170613,00:00,26,1,2017-06-13,2017,6,13,164,2017.4479452054795
530,Ήπειρος,IOI,20170614,00:00,32,1,2017-06-14,2017,6,14,165,2017.4506849315069
531,Ήπειρος,IOI,20170615,00:00,36,1,2017-06-15,2017,6,15,166,2017.4534246575342
532,Ήπειρος,IOI,20170616,00:00,34,1,2017-06-16,2017,6,16,167,2017.4561643835616
533,Ήπειρος,IOI,20170617,00:00,19,1,2017-06-17,2017,6,17,168,2017.458904109589
534,Ήπειρος,IOI,20170618,00:00,16,1,2017-06-18,2017,6,18,169,2017.4616438356165
535,Ήπειρος,IOI,20170619,00:00,17,1,2017-06-19,2017,6,19,170,2017.464383561644
536,Ήπειρος,IOI,20170620,00:00,24,1,2017-06-20,2017,6,20,171,2017.4671232876713
537,Ήπειρος,IOI,20170621,00:00,28,1,2017-06-21,2017,6,21,172,2017.4698630136986
538,Ήπειρος,IOI,20170622,00:00,33,1,2017-06-22,2017,6,22,173,2017.472602739726
539,Ήπειρος,IOI,20170623,00:00,35,1,2017-06-23,2017,6,23,174,2017.4753424657533
540,Ήπειρος,IOI,20170624,00:00,31,1,2017-06-24,2017,6,24,175,2017.478082191781
541,Ήπειρος,IOI,20170625,00:00,37,1,2017-06-25,2017,6,25,176,2017.4808219178083
542,Ήπειρος,IOI,20170626,00:00,41,1,2017-06-26,2017,6,26,177,2017.4835616438356
543,Ήπειρος,IOI,20170627,00:00,31,1,2017-06-27,2017,6,27,178,2017.486301369863
544,Ήπειρος,IOI,20170628,00:00,24,1,2017-06-28,2017,6,28,179,2017.4890410958903
545,Ήπειρος,IOI,20170629,00:00,33,1,2017-06-29,2017,6,29,180,2017.4917808219177
546,Ήπειρος,IOI,20170630,00:00,58,1,2017-06-30,2017,6,30,181,2017.4945205479453
547,Ήπειρος,IOI,20170701,00:00,43,1,2017-07-01,2017,7,1,182,2017.4972602739726
548,Ήπειρος,IOI,20170702,00:00,52,1,2017-07-02,2017,7,2,183,2017.5
549,Ήπειρος,IOI,20170703,00:00,19,1,2017-07-03,2017,7,3,184,2017.5027397260274
550,Ήπειρος,IOI,20170704,00:00,21,1,2017-07-04,2017,7,4,185,2017.5054794520547
551,Ήπειρος,IOI,20170705,00:00,20,1,2017-07-05,2017,7,5,186,2017.5082191780823
552,Ήπειρος,IOI,20170706,00:00,38,1,2017-07-06,2017,7,6,187,2017.5109589041097
553,Ήπειρος,IOI,20170707,00:00,42,1,2017-07-07,2017,7,7,188,2017.513698630137
554,Ήπειρος,IOI,20170708,00:00,35,1,2017-07-08,2017,7,8,189,2017.5164383561644
555,Ήπειρος,IOI,20170709,00:00,47,1,2017-07-09,2017,7,9,190,2017.5191780821917
556,Ήπειρος,IOI,20170710,00:00,32,1,2017-07-10,2017,7,10,191,2017.521917808219
557,Ήπειρος,IOI,20170711,00:00,34,1,2017-07-11,2017,7,11,192,2017.5246575342467
558,Ήπειρος,IOI,20170712,00:00,48,1,2017-07-12,2017,7,12,193,2017.527397260274
559,Ήπειρος,IOI,20170713,00:00,52,1,2017-07-13,2017,7,13,194,2017.5301369863014
560,Ήπειρος,IOI,20170714,00:00,45,1,2017-07-14,2017,7,14,195,2017.5328767123287
561,Ήπειρος,IOI,20170715,00:00,36,1,2017-07-15,2017,7,15,196,2017.535616438356
562,Ήπειρος,IOI,20170716,00:00,27,1,2017-07-16,2017,7,16,197,2017.5383561643835
563,Ήπειρος,IOI,20170717,00:00,15,1,2017-07-17,2017,7,17,198,2017.541095890411
564,Ήπειρος,IOI,20170718,00:00,19,1,2017-07-18,2017,7,18,199,2017.5438356164384
565,Ήπειρος,IOI,20170719,00:00,24,1,2017-07-19,2017,7,19,200,2017.5465753424658
566,Ήπειρος,IOI,20170720,00:00,35,1,2017-07-20,2017,7,20,201,2017.5493150684931
567,Ήπειρος,IOI,20170721,00:00,29,1,2017-07-21,2017,7,21,202,2017.5520547945205
568,Ήπειρος,IOI,20170722,00:00,33,1,2017-07-22,2017,7,22,203,2017.554794520548
569,Ήπειρος,IOI,20170723,00:00,31,1,2017-07-23,2017,7,23,204,2017.5575342465754
570,Ήπειρος,IOI,20170724,00:00,46,1,2017-07-24,2017,7,24,205,2017.5602739726028
571,Ήπειρος,IOI,20170725,00:00,33,1,2017-07-25,2017,7,25,206,2017.5630136986301
572,Ήπειρος,IOI,20170726,00:00,23,1,2017-07-26,2017,7,26,207,2017.5657534246575
573,Ήπειρος,IOI,20170727,00:00,38,1,2017-07-27,2017,7,27,208,2017.5684931506848
574,Ήπειρος,IOI,20170728,00:00,22,1,2017-07-28,2017,7,28,209,2017.5712328767124
575,Ήπειρος,IOI,20170729,00:00,26,1,2017-07-29,2017,7,29,210,2017.5739726027398
576,Ήπειρος,IOI,20170730,00:00,28,1,2017-07-30,2017,7,30,211,2017.5767123287671
577,Ήπειρος,IOI,20170731,00:00,39,1,2017-07-31,2017,7,31,212,2017.5794520547945
578,Ήπειρος,IOI,20170801,00:00,33,1,2017-08-01,2017,8,1,213,2017.5821917808219
579,Ήπειρος,IOI,20170802,00:00,33,1,2017-08-02,2017,8,2,214,2017.5849315068492
580,Ήπειρος,IOI,20170803,00:00,55,1,2017-08-03,2017,8,3,215,2017.5876712328768
581,Ήπειρος,IOI,20170804,00:00,56,1,2017-08-04,2017,8,4,216,2017.5904109589042
582,Ήπειρος,IOI,20170805,00:00,47,1,2017-08-05,2017,8,5,217,2017.5931506849315
583,Ήπειρος,IOI,20170806,00:00,36,1,2017-08-06,2017,8,6,218,2017.5958904109589
584,Ήπειρος,IOI,20170807,00:00,60,1,2017-08-07,2017,8,7,219,2017.5986301369862
585,Ήπειρος,IOI,20170808,00:00,51,1,2017-08-08,2017,8,8,220,2017.6013698630136
586,Ήπειρος,IOI,20170809,00:00,42,1,2017-08-09,2017,8,9,221,2017.6041095890412
587,Ήπειρος,IOI,20170810,00:00,38,1,2017-08-10,2017,8,10,222,2017.6068493150685
588,Ήπειρος,IOI,20170811,00:00,68,1,2017-08-11,2017,8,11,223,2017.609589041096
589,Ήπειρος,IOI,20170812,00:00,52,1,2017-08-12,2017,8,12,224,2017.6123287671232
590,Ήπειρος,IOI,20170813,00:00,27,1,2017-08-13,2017,8,13,225,2017.6150684931506
591,Ήπειρος,IOI,20170814,00:00,23,1,2017-08-14,2017,8,14,226,2017.6178082191782
592,Ήπειρος,IOI,20170815,00:00,30,1,2017-08-15,2017,8,15,227,2017.6205479452055
593,Ήπειρος,IOI,20170816,00:00,51,1,2017-08-16,2017,8,16,228,2017.623287671233
594,Ήπειρος,IOI,20170817,00:00,47,1,2017-08-17,2017,8,17,229,2017.6260273972603
595,Ήπειρος,IOI,20170818,00:00,38,1,2017-08-18,2017,8,18,230,2017.6287671232876
596,Ήπειρος,IOI,20170819,00:00,39,1,2017-08-19,2017,8,19,231,2017.631506849315
598,Ήπειρος,IOI,20170821,00:00,44,1,2017-08-21,2017,8,21,233,2017.63698630137
599,Ήπειρος,IOI,20170822,00:00,25,1,2017-08-22,2017,8,22,234,2017.6397260273973
600,Ήπειρος,IOI,20170823,00:00,30,1,2017-08-23,2017,8,23,235,2017.6424657534246
601,Ήπειρος,IOI,20170824,00:00,41,1,2017-08-24,2017,8,24,236,2017.645205479452
602,Ήπειρος,IOI,20170825,00:00,42,1,2017-08-25,2017,8,25,237,2017.6479452054793
605,Ήπειρος,IOI,20170828,00:00,66,1,2017-08-28,2017,8,28,240,2017.6561643835616
606,Ήπειρος,IOI,20170829,00:00,51,1,2017-08-29,2017,8,29,241,2017.658904109589
607,Ήπειρος,IOI,20170830,00:00,29,1,2017-08-30,2017,8,30,242,2017.6616438356164
608,Ήπειρος,IOI,20170831,00:00,35,1,2017-08-31,2017,8,31,243,2017.664383561644
609,Ήπειρος,IOI,20170901,00:00,36,1,2017-09-01,2017,9,1,244,2017.6671232876713
610,Ήπειρος,IOI,20170902,00:00,45,1,2017-09-02,2017,9,2,245,2017.6698630136987
708,Ήπειρος,IOI,20171209,00:00,13,1,2017-12-09,2017,12,9,343,2017.9383561643835
709,Ήπειρος,IOI,20171210,00:00,18,1,2017-12-10,2017,12,10,344,2017.941095890411
710,Ήπειρος,IOI,20171211,00:00,40,1,2017-12-11,2017,12,11,345,2017.9438356164383
711,Ήπειρος,IOI,20171212,00:00,43,1,2017-12-12,2017,12,12,346,2017.9465753424658
712,Ήπειρος,IOI,20171213,00:00,38,1,2017-12-13,2017,12,13,347,2017.9493150684932
713,Ήπειρος,IOI,20171214,00:00,17,1,2017-12-14,2017,12,14,348,2017.9520547945206
714,Ήπειρος,IOI,20171215,00:00,23,1,2017-12-15,2017,12,15,349,2017.954794520548
715,Ήπειρος,IOI,20171216,00:00,20,1,2017-12-16,2017,12,16,350,2017.9575342465753
716,Ήπειρος,IOI,20171217,00:00,17,1,2017-12-17,2017,12,17,351,2017.9602739726026
717,Ήπειρος,IOI,20171218,00:00,13,1,2017-12-18,2017,12,18,352,2017.9630136986302
718,Ήπειρος,IOI,20171219,00:00,32,1,2017-12-19,2017,12,19,353,2017.9657534246576
719,Ήπειρος,IOI,20171220,00:00,44,1,2017-12-20,2017,12,20,354,2017.968493150685
720,Ήπειρος,IOI,20171221,00:00,48,1,2017-12-21,2017,12,21,355,2017.9712328767123
721,Ήπειρος,IOI,20171222,00:00,17,1,2017-12-22,2017,12,22,356,2017.9739726027397
722,Ήπειρος,IOI,20171223,00:00,16,1,2017-12-23,2017,12,23,357,2017.9767123287672
723,Ήπειρος,IOI,20171224,00:00,49,1,2017-12-24,2017,12,24,358,2017.9794520547946
724,Ήπειρος,IOI,20171225,00:00,90,1,2017-12-25,2017,12,25,359,2017.982191780822
725,Ήπειρος,IOI,20171226,00:00,37,1,2017-12-26,2017,12,26,360,2017.9849315068493
726,Ήπειρος,IOI,20171227,00:00,10,1,2017-12-27,2017,12,27,361,2017.9876712328767
727,Ήπειρος,IOI,20171228,00:00,14,1,2017-12-28,2017,12,28,362,2017.990410958904
728,Ήπειρος,IOI,20171229,00:00,16,1,2017-12-29,2017,12,29,363,2017.9931506849316
729,Ήπειρος,IOI,20171230,00:00,31,1,2017-12-30,2017,12,30,364,2017.995890410959
730,Ήπειρος,IOI,20171231,00:00,70,1,2017-12-31,2017,12,31,365,2017.9986301369863
731,Ήπειρος,IOI,20180101,00:00,63,1,2018-01-01,2018,1,1,1,2018.0013698630137
732,Ήπειρος,IOI,20180102,00:00,18,1,2018-01-02,2018,1,2,2,2018.004109589041
733,Ήπειρος,IOI,20180103,00:00,33,1,2018-01-03,2018,1,3,3,2018.0068493150684
734,Ήπειρος,IOI,20180104,00:00,13,1,2018-01-04,2018,1,4,4,2018.009589041096
735,Ήπειρος,IOI,20180105,00:00,39,1,2018-01-05,2018,1,5,5,2018.0123287671233
736,Ήπειρος,IOI,20180106,00:00,44,1,2018-01-06,2018,1,6,6,2018.0150684931507
737,Ήπειρος,IOI,20180107,00:00,49,1,2018-01-07,2018,1,7,7,2018.017808219178
738,Ήπειρος,IOI,20180108,00:00,42,1,2018-01-08,2018,1,8,8,2018.0205479452054
739,Ήπειρος,IOI,20180109,00:00,63,1,2018-01-09,2018,1,9,9,2018.0232876712328
740,Ήπειρος,IOI,20180110,00:00,38,1,2018-01-10,2018,1,10,10,2018.0260273972603
741,Ήπειρος,IOI,20180111,00:00,56,1,2018-01-11,2018,1,11,11,2018.0287671232877
742,Ήπειρος,IOI,20180112,00:00,19,1,2018-01-12,2018,1,12,12,2018.031506849315
743,Ήπειρος,IOI,20180113,00:00,8,1,2018-01-13,2018,1,13,13,2018.0342465753424
744,Ήπειρος,IOI,20180114,00:00,21,1,2018-01-14,2018,1,14,14,2018.0369863013698
745,Ήπειρος,IOI,20180115,00:00,12,1,2018-01-15,2018,1,15,15,2018.0397260273974
746,Ήπειρος,IOI,20180116,00:00,25,1,2018-01-16,2018,1,16,16,2018.0424657534247
747,Ήπειρος,IOI,20180117,00:00,18,1,2018-01-17,2018,1,17,17,2018.045205479452
748,Ήπειρος,IOI,20180118,00:00,14,1,2018-01-18,2018,1,18,18,2018.0479452054794
749,Ήπειρος,IOI,20180119,00:00,47,1,2018-01-19,2018,1,19,19,2018.0506849315068
750,Ήπειρος,IOI,20180120,00:00,31,1,2018-01-20,2018,1,20,20,2018.0534246575342
751,Ήπειρος,IOI,20180121,00:00,39,1,2018-01-21,2018,1,21,21,2018.0561643835617
752,Ήπειρος,IOI,20180122,00:00,13,1,2018-01-22,2018,1,22,22,2018.058904109589
753,Ήπειρος,IOI,20180123,00:00,47,1,2018-01-23,2018,1,23,23,2018.0616438356165
754,Ήπειρος,IOI,20180124,00:00,15,1,2018-01-24,2018,1,24,24,2018.0643835616438
755,Ήπειρος,IOI,20180125,00:00,47,1,2018-01-25,2018,1,25,25,2018.0671232876712
756,Ήπειρος,IOI,20180126,00:00,65,1,2018-01-26,2018,1,26,26,2018.0698630136985
757,Ήπειρος,IOI,20180127,00:00,77,1,2018-01-27,2018,1,27,27,2018.072602739726
758,Ήπειρος,IOI,20180128,00:00,96,1,2018-01-28,2018,1,28,28,2018.0753424657535
759,Ήπειρος,IOI,20180129,00:00,73,1,2018-01-29,2018,1,29,29,2018.0780821917808
760,Ήπειρος,IOI,20180130,00:00,63,1,2018-01-30,2018,1,30,30,2018.0808219178082
761,Ήπειρος,IOI,20180131,00:00,51,1,2018-01-31,2018,1,31,31,2018.0835616438355
762,Ήπειρος,IOI,20180201,00:00,31,1,2018-02-01,2018,2,1,32,2018.0863013698631
763,Ήπειρος,IOI,20180202,00:00,10,1,2018-02-02,2018,2,2,33,2018.0890410958905
764,Ήπειρος,IOI,20180203,00:00,2,1,2018-02-03,2018,2,3,34,2018.0917808219178
765,Ήπειρος,IOI,20180204,00:00,22,1,2018-02-04,2018,2,4,35,2018.0945205479452
766,Ήπειρος,IOI,20180205,00:00,46,1,2018-02-05,2018,2,5,36,2018.0972602739726
767,Ήπειρος,IOI,20180206,00:00,22,1,2018-02-06,2018,2,6,37,2018.1
768,Ήπειρος,IOI,20180207,00:00,50,1,2018-02-07,2018,2,7,38,2018.1027397260275
769,Ήπειρος,IOI,20180208,00:00,42,1,2018-02-08,2018,2,8,39,2018.1054794520549
770,Ήπειρος,IOI,20180209,00:00,43,1,2018-02-09,2018,2,9,40,2018.1082191780822
771,Ήπειρος,IOI,20180210,00:00,16,1,2018-02-10,2018,2,10,41,2018.1109589041096
772,Ήπειρος,IOI,20180211,00:00,13,1,2018-02-11,2018,2,11,42,2018.113698630137
773,Ήπειρος,IOI,20180212,00:00,23,1,2018-02-12,2018,2,12,43,2018.1164383561643
774,Ήπειρος,IOI,20180213,00:00,14,1,2018-02-13,2018,2,13,44,2018.1191780821919
775,Ήπειρος,IOI,20180214,00:00,14,1,2018-02-14,2018,2,14,45,2018.1219178082192
776,Ήπειρος,IOI,20180215,00:00,8,1,2018-02-15,2018,2,15,46,2018.1246575342466
777,Ήπειρος,IOI,20180216,00:00,17,1,2018-02-16,2018,2,16,47,2018.127397260274
778,Ήπειρος,IOI,20180217,00:00,40,1,2018-02-17,2018,2,17,48,2018.1301369863013
779,Ήπειρος,IOI,20180218,00:00,20,1,2018-02-18,2018,2,18,49,2018.1328767123289
780,Ήπειρος,IOI,20180219,00:00,17,1,2018-02-19,2018,2,19,50,2018.1356164383562
781,Ήπειρος,IOI,20180220,00:00,5,1,2018-02-20,2018,2,20,51,2018.1383561643836
782,Ήπειρος,IOI,20180221,00:00,8,1,2018-02-21,2018,2,21,52,2018.141095890411
783,Ήπειρος,IOI,20180222,00:00,12,1,2018-02-22,2018,2,22,53,2018.1438356164383
784,Ήπειρος,IOI,20180223,00:00,11,1,2018-02-23,2018,2,23,54,2018.1465753424657
785,Ήπειρος,IOI,20180224,00:00,9,1,2018-02-24,2018,2,24,55,2018.1493150684933
786,Ήπειρος,IOI,20180225,00:00,8,1,2018-02-25,2018,2,25,56,2018.1520547945206
787,Ήπειρος,IOI,20180226,00:00,7,1,2018-02-26,2018,2,26,57,2018.154794520548
788,Ήπειρος,IOI,20180227,00:00,14,1,2018-02-27,2018,2,27,58,2018.1575342465753
789,Ήπειρος,IOI,20180228,00:00,15,1,2018-02-28,2018,2,28,59,2018.1602739726027
790,Ήπειρος,IOI,20180301,00:00,42,1,2018-03-01,2018,3,1,60,2018.16301369863
791,Ήπειρος,IOI,20180302,00:00,15,1,2018-03-02,2018,3,2,61,2018.1657534246576
792,Ήπειρος,IOI,20180303,00:00,21,1,2018-03-03,2018,3,3,62,2018.168493150685
793,Ήπειρος,IOI,20180304,00:00,27,1,2018-03-04,2018,3,4,63,2018.1712328767123
794,Ήπειρος,IOI,20180305,00:00,28,1,2018-03-05,2018,3,5,64,2018.1739726027397
795,Ήπειρος,IOI,20180306,00:00,15,1,2018-03-06,2018,3,6,65,2018.176712328767
796,Ήπειρος,IOI,20180307,00:00,34,1,2018-03-07,2018,3,7,66,2018.1794520547944
797,Ήπειρος,IOI,20180308,00:00,15,1,2018-03-08,2018,3,8,67,2018.182191780822
798,Ήπειρος,IOI,20180309,00:00,25,1,2018-03-09,2018,3,9,68,2018.1849315068494
799,Ήπειρος,IOI,20180310,00:00,31,1,2018-03-10,2018,3,10,69,2018.1876712328767
800,Ήπειρος,IOI,20180311,00:00,19,1,2018-03-11,2018,3,11,70,2018.190410958904
801,Ήπειρος,IOI,20180312,00:00,18,1,2018-03-12,2018,3,12,71,2018.1931506849314
802,Ήπειρος,IOI,20180313,00:00,13,1,2018-03-13,2018,3,13,72,2018.195890410959
803,Ήπειρος,IOI,20180314,00:00,16,1,2018-03-14,2018,3,14,73,2018.1986301369864
804,Ήπειρος,IOI,20180315,00:00,25,1,2018-03-15,2018,3,15,74,2018.2013698630137
805,Ήπειρος,IOI,20180316,00:00,26,1,2018-03-16,2018,3,16,75,2018.204109589041
806,Ήπειρος,IOI,20180317,00:00,44,1,2018-03-17,2018,3,17,76,2018.2068493150684
807,Ήπειρος,IOI,20180318,00:00,71,1,2018-03-18,2018,3,18,77,2018.2095890410958
808,Ήπειρος,IOI,20180319,00:00,26,1,2018-03-19,2018,3,19,78,2018.2123287671234
809,Ήπειρος,IOI,20180320,00:00,13,1,2018-03-20,2018,3,20,79,2018.2150684931507
810,Ήπειρος,IOI,20180321,00:00,17,1,2018-03-21,2018,3,21,80,2018.217808219178
811,Ήπειρος,IOI,20180322,00:00,178,1,2018-03-22,2018,3,22,81,2018.2205479452055
812,Ήπειρος,IOI,20180323,00:00,9,1,2018-03-23,2018,3,23,82,2018.2232876712328
813,Ήπειρος,IOI,20180324,00:00,19,1,2018-03-24,2018,3,24,83,2018.2260273972602
814,Ήπειρος,IOI,20180325,00:00,16,1,2018-03-25,2018,3,25,84,2018.2287671232878
815,Ήπειρος,IOI,20180326,00:00,27,1,2018-03-26,2018,3,26,85,2018.231506849315
816,Ήπειρος,IOI,20180327,00:00,18,1,2018-03-27,2018,3,27,86,2018.2342465753425
817,Ήπειρος,IOI,20180328,00:00,25,1,2018-03-28,2018,3,28,87,2018.2369863013698
818,Ήπειρος,IOI,20180329,00:00,24,1,2018-03-29,2018,3,29,88,2018.2397260273972
819,Ήπειρος,IOI,20180330,00:00,18,1,2018-03-30,2018,3,30,89,2018.2424657534248
820,Ήπειρος,IOI,20180331,00:00,8,1,2018-03-31,2018,3,31,90,2018.2452054794521
821,Ήπειρος,IOI,20180401,00:00,21,1,2018-04-01,2018,4,1,91,2018.2479452054795
822,Ήπειρος,IOI,20180402,00:00,20,1,2018-04-02,2018,4,2,92,2018.2506849315068
823,Ήπειρος,IOI,20180403,00:00,18,1,2018-04-03,2018,4,3,93,2018.2534246575342
824,Ήπειρος,IOI,20180404,00:00,18,1,2018-04-04,2018,4,4,94,2018.2561643835616
825,Ήπειρος,IOI,20180405,00:00,22,1,2018-04-05,2018,4,5,95,2018.2589041095891
826,Ήπειρος,IOI,20180406,00:00,22,1,2018-04-06,2018,4,6,96,2018.2616438356165
827,Ήπειρος,IOI,20180407,00:00,14,1,2018-04-07,2018,4,7,97,2018.2643835616439
828,Ήπειρος,IOI,20180408,00:00,18,1,2018-04-08,2018,4,8,98,2018.2671232876712
829,Ήπειρος,IOI,20180409,00:00,20,1,2018-04-09,2018,4,9,99,2018.2698630136986
830,Ήπειρος,IOI,20180410,00:00,30,1,2018-04-10,2018,4,10,100,2018.272602739726
831,Ήπειρος,IOI,20180411,00:00,30,1,2018-04-11,2018,4,11,101,2018.2753424657535
832,Ήπειρος,IOI,20180412,00:00,37,1,2018-04-12,2018,4,12,102,2018.2780821917809
833,Ήπειρος,IOI,20180413,00:00,66,1,2018-04-13,2018,4,13,103,2018.2808219178082
834,Ήπειρος,IOI,20180414,00:00,60,1,2018-04-14,2018,4,14,104,2018.2835616438356
835,Ήπειρος,IOI,20180415,00:00,64,1,2018-04-15,2018,4,15,105,2018.286301369863
836,Ήπειρος,IOI,20180416,00:00,91,1,2018-04-16,2018,4,16,106,2018.2890410958903
837,Ήπειρος,IOI,20180417,00:00,168,1,2018-04-17,2018,4,17,107,2018.2917808219179
838,Ήπειρος,IOI,20180418,00:00,133,1,2018-04-18,2018,4,18,108,2018.2945205479452
839,Ήπειρος,IOI,20180419,00:00,45,1,2018-04-19,2018,4,19,109,2018.2972602739726
840,Ήπειρος,IOI,20180420,00:00,38,1,2018-04-20,2018,4,20,110,2018.3
841,Ήπειρος,IOI,20180421,00:00,36,1,2018-04-21,2018,4,21,111,2018.3027397260273
842,Ήπειρος,IOI,20180422,00:00,27,1,2018-04-22,2018,4,22,112,2018.305479452055
843,Ήπειρος,IOI,20180423,00:00,32,1,2018-04-23,2018,4,23,113,2018.3082191780823
844,Ήπειρος,IOI,20180424,00:00,44,1,2018-04-24,2018,4,24,114,2018.3109589041096
845,Ήπειρος,IOI,20180425,00:00,34,1,2018-04-25,2018,4,25,115,2018.313698630137
846,Ήπειρος,IOI,20180426,00:00,40,1,2018-04-26,2018,4,26,116,2018.3164383561643
847,Ήπειρος,IOI,20180427,00:00,39,1,2018-04-27,2018,4,27,117,2018.3191780821917
848,Ήπειρος,IOI,20180428,00:00,31,1,2018-04-28,2018,4,28,118,2018.3219178082193
849,Ήπειρος,IOI,20180429,00:00,31,1,2018-04-29,2018,4,29,119,2018.3246575342466
850,Ήπειρος,IOI,20180430,00:00,52,1,2018-04-30,2018,4,30,120,2018.327397260274
851,Ήπειρος,IOI,20180501,00:00,45,1,2018-05-01,2018,5,1,121,2018.3301369863013
852,Ήπειρος,IOI,20180502,00:00,37,1,2018-05-02,2018,5,2,122,2018.3328767123287
853,Ήπειρος,IOI,20180503,00:00,45,1,2018-05-03,2018,5,3,123,2018.335616438356
854,Ήπειρος,IOI,20180504,00:00,33,1,2018-05-04,2018,5,4,124,2018.3383561643836
855,Ήπειρος,IOI,20180505,00:00,26,1,2018-05-05,2018,5,5,125,2018.341095890411
856,Ήπειρος,IOI,20180506,00:00,18,1,2018-05-06,2018,5,6,126,2018.3438356164384
857,Ήπειρος,IOI,20180507,00:00,19,1,2018-05-07,2018,5,7,127,2018.3465753424657
858,Ήπειρος,IOI,20180508,00:00,15,1,2018-05-08,2018,5,8,128,2018.349315068493
859,Ήπειρος,IOI,20180509,00:00,17,1,2018-05-09,2018,5,9,129,2018.3520547945207
860,Ήπειρος,IOI,20180510,00:00,16,1,2018-05-10,2018,5,10,130,2018.354794520548
861,Ήπειρος,IOI,20180511,00:00,19,1,2018-05-11,2018,5,11,131,2018.3575342465754
862,Ήπειρος,IOI,20180512,00:00,24,1,2018-05-12,2018,5,12,132,2018.3602739726027
863,Ήπειρος,IOI,20180513,00:00,17,1,2018-05-13,2018,5,13,133,2018.36301369863
864,Ήπειρος,IOI,20180514,00:00,20,1,2018-05-14,2018,5,14,134,2018.3657534246574
865,Ήπειρος,IOI,20180515,00:00,17,1,2018-05-15,2018,5,15,135,2018.368493150685
866,Ήπειρος,IOI,20180516,00:00,16,1,2018-05-16,2018,5,16,136,2018.3712328767124
867,Ήπειρος,IOI,20180517,00:00,17,1,2018-05-17,2018,5,17,137,2018.3739726027397
868,Ήπειρος,IOI,20180518,00:00,25,1,2018-05-18,2018,5,18,138,2018.376712328767
869,Ήπειρος,IOI,20180519,00:00,28,1,2018-05-19,2018,5,19,139,2018.3794520547945
870,Ήπειρος,IOI,20180520,00:00,31,1,2018-05-20,2018,5,20,140,2018.3821917808218
871,Ήπειρος,IOI,20180521,00:00,25,1,2018-05-21,2018,5,21,141,2018.3849315068494
872,Ήπειρος,IOI,20180522,00:00,31,1,2018-05-22,2018,5,22,142,2018.3876712328768
873,Ήπειρος,IOI,20180523,00:00,43,1,2018-05-23,2018,5,23,143,2018.390410958904
874,Ήπειρος,IOI,20180524,00:00,28,1,2018-05-24,2018,5,24,144,2018.3931506849315
875,Ήπειρος,IOI,20180525,00:00,29,1,2018-05-25,2018,5,25,145,2018.3958904109588
876,Ήπειρος,IOI,20180526,00:00,28,1,2018-05-26,2018,5,26,146,2018.3986301369864
877,Ήπειρος,IOI,20180527,00:00,27,1,2018-05-27,2018,5,27,147,2018.4013698630138
878,Ήπειρος,IOI,20180528,00:00,30,1,2018-05-28,2018,5,28,148,2018.4041095890411
879,Ήπειρος,IOI,20180529,00:00,26,1,2018-05-29,2018,5,29,149,2018.4068493150685
880,Ήπειρος,IOI,20180530,00:00,27,1,2018-05-30,2018,5,30,150,2018.4095890410958
881,Ήπειρος,IOI,20180531,00:00,31,1,2018-05-31,2018,5,31,151,2018.4123287671232
882,Ήπειρος,IOI,20180601,00:00,30,1,2018-06-01,2018,6,1,152,2018.4150684931508
883,Ήπειρος,IOI,20180602,00:00,20,1,2018-06-02,2018,6,2,153,2018.4178082191781
884,Ήπειρος,IOI,20180603,00:00,23,1,2018-06-03,2018,6,3,154,2018.4205479452055
885,Ήπειρος,IOI,20180604,00:00,33,1,2018-06-04,2018,6,4,155,2018.4232876712329
886,Ήπειρος,IOI,20180605,00:00,44,1,2018-06-05,2018,6,5,156,2018.4260273972602
887,Ήπειρος,IOI,20180606,00:00,30,1,2018-06-06,2018,6,6,157,2018.4287671232876
888,Ήπειρος,IOI,20180607,00:00,22,1,2018-06-07,2018,6,7,158,2018.4315068493152
889,Ήπειρος,IOI,20180608,00:00,38,1,2018-06-08,2018,6,8,159,2018.4342465753425
890,Ήπειρος,IOI,20180609,00:00,36,1,2018-06-09,2018,6,9,160,2018.4369863013699
891,Ήπειρος,IOI,20180610,00:00,26,1,2018-06-10,2018,6,10,161,2018.4397260273972
892,Ήπειρος,IOI,20180611,00:00,25,1,2018-06-11,2018,6,11,162,2018.4424657534246
893,Ήπειρος,IOI,20180612,00:00,30,1,2018-06-12,2018,6,12,163,2018.445205479452
894,Ήπειρος,IOI,20180613,00:00,32,1,2018-06-13,2018,6,13,164,2018.4479452054795
895,Ήπειρος,IOI,20180614,00:00,26,1,2018-06-14,2018,6,14,165,2018.4506849315069
896,Ήπειρος,IOI,20180615,00:00,17,1,2018-06-15,2018,6,15,166,2018.4534246575342
897,Ήπειρος,IOI,20180616,00:00,20,1,2018-06-16,2018,6,16,167,2018.4561643835616
898,Ήπειρος,IOI,20180617,00:00,19,1,2018-06-17,2018,6,17,168,2018.458904109589
899,Ήπειρος,IOI,20180618,00:00,21,1,2018-06-18,2018,6,18,169,2018.4616438356165
900,Ήπειρος,IOI,20180619,00:00,23,1,2018-06-19,2018,6,19,170,2018.464383561644
901,Ήπειρος,IOI,20180620,00:00,31,1,2018-06-20,2018,6,20,171,2018.4671232876713
902,Ήπειρος,IOI,20180621,00:00,41,1,2018-06-21,2018,6,21,172,2018.4698630136986
903,Ήπειρος,IOI,20180622,00:00,27,1,2018-06-22,2018,6,22,173,2018.472602739726
904,Ήπειρος,IOI,20180623,00:00,20,1,2018-06-23,2018,6,23,174,2018.4753424657533
905,Ήπειρος,IOI,20180624,00:00,17,1,2018-06-24,2018,6,24,175,2018.478082191781
906,Ήπειρος,IOI,20180625,00:00,16,1,2018-06-25,2018,6,25,176,2018.4808219178083
907,Ήπειρος,IOI,20180626,00:00,12,1,2018-06-26,2018,6,26,177,2018.4835616438356
1027,Ήπειρος,IOI,20181024,00:00,24,1,2018-10-24,2018,10,24,297,2018.8123287671233
1028,Ήπειρος,IOI,20181025,00:00,16,1,2018-10-25,2018,10,25,298,2018.8150684931506
1029,Ήπειρος,IOI,20181026,00:00,18,1,2018-10-26,2018,10,26,299,2018.817808219178
1030,Ήπειρος,IOI,20181027,00:00,23,1,2018-10-27,2018,10,27,300,2018.8205479452056
1031,Ήπειρος,IOI,20181028,00:00,14,1,2018-10-28,2018,10,28,301,2018.823287671233
1032,Ήπειρος,IOI,20181029,00:00,19,1,2018-10-29,2018,10,29,302,2018.8260273972603
1033,Ήπειρος,IOI,20181030,00:00,23,1,2018-10-30,2018,10,30,303,2018.8287671232877
1034,Ήπειρος,IOI,20181031,00:00,57,1,2018-10-31,2018,10,31,304,2018.831506849315
1035,Ήπειρος,IOI,20181101,00:00,80,1,2018-11-01,2018,11,1,305,2018.8342465753424
1036,Ήπειρος,IOI,20181102,00:00,51,1,2018-11-02,2018,11,2,306,2018.83698630137
1037,Ήπειρος,IOI,20181103,00:00,24,1,2018-11-03,2018,11,3,307,2018.8397260273973
1038,Ήπειρος,IOI,20181104,00:00,20,1,2018-11-04,2018,11,4,308,2018.8424657534247
1039,Ήπειρος,IOI,20181105,00:00,31,1,2018-11-05,2018,11,5,309,2018.845205479452
1040,Ήπειρος,IOI,20181106,00:00,38,1,2018-11-06,2018,11,6,310,2018.8479452054794
1041,Ήπειρος,IOI,20181107,00:00,33,1,2018-11-07,2018,11,7,311,2018.8506849315067
1042,Ήπειρος,IOI,20181108,00:00,22,1,2018-11-08,2018,11,8,312,2018.8534246575343
1043,Ήπειρος,IOI,20181109,00:00,28,1,2018-11-09,2018,11,9,313,2018.8561643835617
1044,Ήπειρος,IOI,20181110,00:00,29,1,2018-11-10,2018,11,10,314,2018.858904109589
1045,Ήπειρος,IOI,20181111,00:00,42,1,2018-11-11,2018,11,11,315,2018.8616438356164
1046,Ήπειρος,IOI,20181112,00:00,51,1,2018-11-12,2018,11,12,316,2018.8643835616438
1047,Ήπειρος,IOI,20181113,00:00,61,1,2018-11-13,2018,11,13,317,2018.8671232876711
1048,Ήπειρος,IOI,20181114,00:00,58,1,2018-11-14,2018,11,14,318,2018.8698630136987
1049,Ήπειρος,IOI,20181115,00:00,35,1,2018-11-15,2018,11,15,319,2018.872602739726
1050,Ήπειρος,IOI,20181116,00:00,19,1,2018-11-16,2018,11,16,320,2018.8753424657534
1051,Ήπειρος,IOI,20181117,00:00,5,1,2018-11-17,2018,11,17,321,2018.8780821917808
1052,Ήπειρος,IOI,20181118,00:00,9,1,2018-11-18,2018,11,18,322,2018.8808219178081
1053,Ήπειρος,IOI,20181119,00:00,22,1,2018-11-19,2018,11,19,323,2018.8835616438357
1054,Ήπειρος,IOI,20181120,00:00,18,1,2018-11-20,2018,11,20,324,2018.886301369863
1055,Ήπειρος,IOI,20181121,00:00,12,1,2018-11-21,2018,11,21,325,2018.8890410958904
1056,Ήπειρος,IOI,20181122,00:00,21,1,2018-11-22,2018,11,22,326,2018.8917808219178
1057,Ήπειρος,IOI,20181123,00:00,36,1,2018-11-23,2018,11,23,327,2018.8945205479451
1058,Ήπειρος,IOI,20181124,00:00,35,1,2018-11-24,2018,11,24,328,2018.8972602739725
1059,Ήπειρος,IOI,20181125,00:00,19,1,2018-11-25,2018,11,25,329,2018.9
1060,Ήπειρος,IOI,20181126,00:00,14,1,2018-11-26,2018,11,26,330,2018.9027397260274
1061,Ήπειρος,IOI,20181127,00:00,9,1,2018-11-27,2018,11,27,331,2018.9054794520548
1062,Ήπειρος,IOI,20181128,00:00,11,1,2018-11-28,2018,11,28,332,2018.9082191780822
1063,Ήπειρος,IOI,20181129,00:00,6,1,2018-11-29,2018,11,29,333,2018.9109589041095
1064,Ήπειρος,IOI,20181130,00:00,17,1,2018-11-30,2018,11,30,334,2018.9136986301369
1065,Ήπειρος,IOI,20181201,00:00,33,1,2018-12-01,2018,12,1,335,2018.9164383561645
1066,Ήπειρος,IOI,20181202,00:00,60,1,2018-12-02,2018,12,2,336,2018.9191780821918
1067,Ήπειρος,IOI,20181203,00:00,68,1,2018-12-03,2018,12,3,337,2018.9219178082192
1068,Ήπειρος,IOI,20181204,00:00,57,1,2018-12-04,2018,12,4,338,2018.9246575342465
1069,Ήπειρος,IOI,20181205,00:00,26,1,2018-12-05,2018,12,5,339,2018.927397260274
1070,Ήπειρος,IOI,20181206,00:00,49,1,2018-12-06,2018,12,6,340,2018.9301369863015
1071,Ήπειρος,IOI,20181207,00:00,66,1,2018-12-07,2018,12,7,341,2018.9328767123288
1072,Ήπειρος,IOI,20181208,00:00,43,1,2018-12-08,2018,12,8,342,2018.9356164383562
1073,Ήπειρος,IOI,20181209,00:00,19,1,2018-12-09,2018,12,9,343,2018.9383561643835
1074,Ήπειρος,IOI,20181210,00:00,15,1,2018-12-10,2018,12,10,344,2018.941095890411
1075,Ήπειρος,IOI,20181211,00:00,35,1,2018-12-11,2018,12,11,345,2018.9438356164383
1076,Ήπειρος,IOI,20181212,00:00,49,1,2018-12-12,2018,12,12,346,2018.9465753424658
1077,Ήπειρος,IOI,20181213,00:00,18,1,2018-12-13,2018,12,13,347,2018.9493150684932
1078,Ήπειρος,IOI,20181214,00:00,22,1,2018-12-14,2018,12,14,348,2018.9520547945206
1079,Ήπειρος,IOI,20181215,00:00,15,1,2018-12-15,2018,12,15,349,2018.954794520548
1080,Ήπειρος,IOI,20181216,00:00,16,1,2018-12-16,2018,12,16,350,2018.9575342465753
1081,Ήπειρος,IOI,20181217,00:00,17,1,2018-12-17,2018,12,17,351,2018.9602739726026
1082,Ήπειρος,IOI,20181218,00:00,10,1,2018-12-18,2018,12,18,352,2018.9630136986302
1083,Ήπειρος,IOI,20181219,00:00,45,1,2018-12-19,2018,12,19,353,2018.9657534246576
1084,Ήπειρος,IOI,20181220,00:00,60,1,2018-12-20,2018,12,20,354,2018.968493150685
1085,Ήπειρος,IOI,20181221,00:00,45,1,2018-12-21,2018,12,21,355,2018.9712328767123
1086,Ήπειρος,IOI,20181222,00:00,69,1,2018-12-22,2018,12,22,356,2018.9739726027397
1087,Ήπειρος,IOI,20181223,00:00,83,1,2018-12-23,2018,12,23,357,2018.9767123287672
1088,Ήπειρος,IOI,20181224,00:00,68,1,2018-12-24,2018,12,24,358,2018.9794520547946
1089,Ήπειρος,IOI,20181225,00:00,22,1,2018-12-25,2018,12,25,359,2018.982191780822
1090,Ήπειρος,IOI,20181226,00:00,27,1,2018-12-26,2018,12,26,360,2018.9849315068493
1091,Ήπειρος,IOI,20181227,00:00,62,1,2018-12-27,2018,12,27,361,2018.9876712328767
1092,Ήπειρος,IOI,20181228,00:00,73,1,2018-12-28,2018,12,28,362,2018.990410958904
1093,Ήπειρος,IOI,20181229,00:00,78,1,2018-12-29,2018,12,29,363,2018.9931506849316
1094,Ήπειρος,IOI,20181230,00:00,86,1,2018-12-30,2018,12,30,364,2018.995890410959
1095,Ήπειρος,IOI,20181231,00:00,24,1,2018-12-31,2018,12,31,365,2018.9986301369863
1096,Ήπειρος,IOI,20190101,00:00,12,1,2019-01-01,2019,1,1,1,2019.0013698630137
1097,Ήπειρος,IOI,20190102,00:00,39,1,2019-01-02,2019,1,2,2,2019.004109589041
1098,Ήπειρος,IOI,20190103,00:00,8,1,2019-01-03,2019,1,3,3,2019.0068493150684
1099,Ήπειρος,IOI,20190104,00:00,12,1,2019-01-04,2019,1,4,4,2019.009589041096
1100,Ήπειρος,IOI,20190105,00:00,40,1,2019-01-05,2019,1,5,5,2019.0123287671233
1101,Ήπειρος,IOI,20190106,00:00,61,1,2019-01-06,2019,1,6,6,2019.0150684931507
1102,Ήπειρος,IOI,20190107,00:00,28,1,2019-01-07,2019,1,7,7,2019.017808219178
1103,Ήπειρος,IOI,20190108,00:00,43,1,2019-01-08,2019,1,8,8,2019.0205479452054
1104,Ήπειρος,IOI,20190109,00:00,33,1,2019-01-09,2019,1,9,9,2019.0232876712328
1105,Ήπειρος,IOI,20190110,00:00,17,1,2019-01-10,2019,1,10,10,2019.0260273972603
1106,Ήπειρος,IOI,20190111,00:00,38,1,2019-01-11,2019,1,11,11,2019.0287671232877
1107,Ήπειρος,IOI,20190112,00:00,37,1,2019-01-12,2019,1,12,12,2019.031506849315
1108,Ήπειρος,IOI,20190113,00:00,44,1,2019-01-13,2019,1,13,13,2019.0342465753424
1109,Ήπειρος,IOI,20190114,00:00,53,1,2019-01-14,2019,1,14,14,2019.0369863013698
1110,Ήπειρος,IOI,20190115,00:00,14,1,2019-01-15,2019,1,15,15,2019.0397260273974
1111,Ήπειρος,IOI,20190116,00:00,36,1,2019-01-16,2019,1,16,16,2019.0424657534247
1112,Ήπειρος,IOI,20190117,00:00,57,1,2019-01-17,2019,1,17,17,2019.045205479452
1113,Ήπειρος,IOI,20190118,00:00,37,1,2019-01-18,2019,1,18,18,2019.0479452054794
1114,Ήπειρος,IOI,20190119,00:00,15,1,2019-01-19,2019,1,19,19,2019.0506849315068
1115,Ήπειρος,IOI,20190120,00:00,20,1,2019-01-20,2019,1,20,20,2019.0534246575342
1116,Ήπειρος,IOI,20190121,00:00,55,1,2019-01-21,2019,1,21,21,2019.0561643835617
1117,Ήπειρος,IOI,20190122,00:00,11,1,2019-01-22,2019,1,22,22,2019.058904109589
1118,Ήπειρος,IOI,20190123,00:00,8,1,2019-01-23,2019,1,23,23,2019.0616438356165
1119,Ήπειρος,IOI,20190124,00:00,12,1,2019-01-24,2019,1,24,24,2019.0643835616438
1120,Ήπειρος,IOI,20190125,00:00,16,1,2019-01-25,2019,1,25,25,2019.0671232876712
1121,Ήπειρος,IOI,20190126,00:00,35,1,2019-01-26,2019,1,26,26,2019.0698630136985
1122,Ήπειρος,IOI,20190127,00:00,37,1,2019-01-27,2019,1,27,27,2019.072602739726
1123,Ήπειρος,IOI,20190128,00:00,15,1,2019-01-28,2019,1,28,28,2019.0753424657535
1124,Ήπειρος,IOI,20190129,00:00,15,1,2019-01-29,2019,1,29,29,2019.0780821917808
1125,Ήπειρος,IOI,20190130,00:00,21,1,2019-01-30,2019,1,30,30,2019.0808219178082
1126,Ήπειρος,IOI,20190131,00:00,26,1,2019-01-31,2019,1,31,31,2019.0835616438355
1127,Ήπειρος,IOI,20190201,00:00,30,1,2019-02-01,2019,2,1,32,2019.0863013698631
1128,Ήπειρος,IOI,20190202,00:00,20,1,2019-02-02,2019,2,2,33,2019.0890410958905
1129,Ήπειρος,IOI,20190203,00:00,37,1,2019-02-03,2019,2,3,34,2019.0917808219178
1130,Ήπειρος,IOI,20190204,00:00,46,1,2019-02-04,2019,2,4,35,2019.0945205479452
1131,Ήπειρος,IOI,20190205,00:00,18,1,2019-02-05,2019,2,5,36,2019.0972602739726
1132,Ήπειρος,IOI,20190206,00:00,14,1,2019-02-06,2019,2,6,37,2019.1
1133,Ήπειρος,IOI,20190207,00:00,14,1,2019-02-07,2019,2,7,38,2019.1027397260275
1134,Ήπειρος,IOI,20190208,00:00,29,1,2019-02-08,2019,2,8,39,2019.1054794520549
1135,Ήπειρος,IOI,20190209,00:00,42,1,2019-02-09,2019,2,9,40,2019.1082191780822
1136,Ήπειρος,IOI,20190210,00:00,34,1,2019-02-10,2019,2,10,41,2019.1109589041096
1137,Ήπειρος,IOI,20190211,00:00,25,1,2019-02-11,2019,2,11,42,2019.113698630137
1138,Ήπειρος,IOI,20190212,00:00,14,1,2019-02-12,2019,2,12,43,2019.1164383561643
1139,Ήπειρος,IOI,20190213,00:00,12,1,2019-02-13,2019,2,13,44,2019.1191780821919
1140,Ήπειρος,IOI,20190214,00:00,13,1,2019-02-14,2019,2,14,45,2019.1219178082192
1141,Ήπειρος,IOI,20190215,00:00,18,1,2019-02-15,2019,2,15,46,2019.1246575342466
1142,Ήπειρος,IOI,20190216,00:00,16,1,2019-02-16,2019,2,16,47,2019.127397260274
1143,Ήπειρος,IOI,20190217,00:00,42,1,2019-02-17,2019,2,17,48,2019.1301369863013
1144,Ήπειρος,IOI,20190218,00:00,48,1,2019-02-18,2019,2,18,49,2019.1328767123289
1145,Ήπειρος,IOI,20190219,00:00,46,1,2019-02-19,2019,2,19,50,2019.1356164383562
1146,Ήπειρος,IOI,20190220,00:00,46,1,2019-02-20,2019,2,20,51,2019.1383561643836
1147,Ήπειρος,IOI,20190221,00:00,55,1,2019-02-21,2019,2,21,52,2019.141095890411
1148,Ήπειρος,IOI,20190222,00:00,43,1,2019-02-22,2019,2,22,53,2019.1438356164383
1149,Ήπειρος,IOI,20190223,00:00,26,1,2019-02-23,2019,2,23,54,2019.1465753424657
1150,Ήπειρος,IOI,20190224,00:00,9,1,2019-02-24,2019,2,24,55,2019.1493150684933
1151,Ήπειρος,IOI,20190225,00:00,14,1,2019-02-25,2019,2,25,56,2019.1520547945206
1152,Ήπειρος,IOI,20190226,00:00,19,1,2019-02-26,2019,2,26,57,2019.154794520548
1153,Ήπειρος,IOI,20190227,00:00,23,1,2019-02-27,2019,2,27,58,2019.1575342465753
1154,Ήπειρος,IOI,20190228,00:00,38,1,2019-02-28,2019,2,28,59,2019.1602739726027
1155,Ήπειρος,IOI,20190301,00:00,40,1,2019-03-01,2019,3,1,60,2019.16301369863
1156,Ήπειρος,IOI,20190302,00:00,30,1,2019-03-02,2019,3,2,61,2019.1657534246576
1157,Ήπειρος,IOI,20190303,00:00,24,1,2019-03-03,2019,3,3,62,2019.168493150685
1158,Ήπειρος,IOI,20190304,00:00,40,1,2019-03-04,2019,3,4,63,2019.1712328767123
1159,Ήπειρος,IOI,20190305,00:00,36,1,2019-03-05,2019,3,5,64,2019.1739726027397
1160,Ήπειρος,IOI,20190306,00:00,34,1,2019-03-06,2019,3,6,65,2019.176712328767
1161,Ήπειρος,IOI,20190307,00:00,30,1,2019-03-07,2019,3,7,66,2019.1794520547944
1162,Ήπειρος,IOI,20190308,00:00,35,1,2019-03-08,2019,3,8,67,2019.182191780822
1163,Ήπειρος,IOI,20190309,00:00,30,1,2019-03-09,2019,3,9,68,2019.1849315068494
1164,Ήπειρος,IOI,20190310,00:00,26,1,2019-03-10,2019,3,10,69,2019.1876712328767
1165,Ήπειρος,IOI,20190311,00:00,14,1,2019-03-11,2019,3,11,70,2019.190410958904
1166,Ήπειρος,IOI,20190312,00:00,10,1,2019-03-12,2019,3,12,71,2019.1931506849314
1167,Ήπειρος,IOI,20190313,00:00,13,1,2019-03-13,2019,3,13,72,2019.195890410959
1168,Ήπειρος,IOI,20190314,00:00,13,1,2019-03-14,2019,3,14,73,2019.1986301369864
1169,Ήπειρος,IOI,20190315,00:00,17,1,2019-03-15,2019,3,15,74,2019.2013698630137
1170,Ήπειρος,IOI,20190316,00:00,30,1,2019-03-16,2019,3,16,75,2019.204109589041
1171,Ήπειρος,IOI,20190317,00:00,22,1,2019-03-17,2019,3,17,76,2019.2068493150684
1172,Ήπειρος,IOI,20190318,00:00,17,1,2019-03-18,2019,3,18,77,2019.2095890410958
1173,Ήπειρος,IOI,20190319,00:00,28,1,2019-03-19,2019,3,19,78,2019.2123287671234
1174,Ήπειρος,IOI,20190320,00:00,34,1,2019-03-20,2019,3,20,79,2019.2150684931507
1175,Ήπειρος,IOI,20190321,00:00,32,1,2019-03-21,2019,3,21,80,2019.217808219178
1176,Ήπειρος,IOI,20190322,00:00,19,1,2019-03-22,2019,3,22,81,2019.2205479452055
1177,Ήπειρος,IOI,20190323,00:00,26,1,2019-03-23,2019,3,23,82,2019.2232876712328
1178,Ήπειρος,IOI,20190324,00:00,32,1,2019-03-24,2019,3,24,83,2019.2260273972602
1179,Ήπειρος,IOI,20190325,00:00,30,1,2019-03-25,2019,3,25,84,2019.2287671232878
1180,Ήπειρος,IOI,20190326,00:00,29,1,2019-03-26,2019,3,26,85,2019.231506849315
1181,Ήπειρος,IOI,20190327,00:00,24,1,2019-03-27,2019,3,27,86,2019.2342465753425
1182,Ήπειρος,IOI,20190328,00:00,10,1,2019-03-28,2019,3,28,87,2019.2369863013698
1183,Ήπειρος,IOI,20190329,00:00,17,1,2019-03-29,2019,3,29,88,2019.2397260273972
1184,Ήπειρος,IOI,20190330,00:00,19,1,2019-03-30,2019,3,30,89,2019.2424657534248
1185,Ήπειρος,IOI,20190331,00:00,28,1,2019-03-31,2019,3,31,90,2019.2452054794521
1186,Ήπειρος,IOI,20190401,00:00,42,1,2019-04-01,2019,4,1,91,2019.2479452054795
1187,Ήπειρος,IOI,20190402,00:00,29,1,2019-04-02,2019,4,2,92,2019.2506849315068
1188,Ήπειρος,IOI,20190403,00:00,41,1,2019-04-03,2019,4,3,93,2019.2534246575342
1189,Ήπειρος,IOI,20190404,00:00,37,1,2019-04-04,2019,4,4,94,2019.2561643835616
1190,Ήπειρος,IOI,20190405,00:00,19,1,2019-04-05,2019,4,5,95,2019.2589041095891
1191,Ήπειρος,IOI,20190406,00:00,14,1,2019-04-06,2019,4,6,96,2019.2616438356165
1192,Ήπειρος,IOI,20190407,00:00,23,1,2019-04-07,2019,4,7,97,2019.2643835616439
1193,Ήπειρος,IOI,20190408,00:00,11,1,2019-04-08,2019,4,8,98,2019.2671232876712
1194,Ήπειρος,IOI,20190409,00:00,17,1,2019-04-09,2019,4,9,99,2019.2698630136986
1195,Ήπειρος,IOI,20190410,00:00,15,1,2019-04-10,2019,4,10,100,2019.272602739726
1196,Ήπειρος,IOI,20190411,00:00,23,1,2019-04-11,2019,4,11,101,2019.2753424657535
1197,Ήπειρος,IOI,20190412,00:00,17,1,2019-04-12,2019,4,12,102,2019.2780821917809
1198,Ήπειρος,IOI,20190413,00:00,16,1,2019-04-13,2019,4,13,103,2019.2808219178082
1199,Ήπειρος,IOI,20190414,00:00,19,1,2019-04-14,2019,4,14,104,2019.2835616438356
1200,Ήπειρος,IOI,20190415,00:00,11,1,2019-04-15,2019,4,15,105,2019.286301369863
1201,Ήπειρος,IOI,20190416,00:00,23,1,2019-04-16,2019,4,16,106,2019.2890410958903
1202,Ήπειρος,IOI,20190417,00:00,26,1,2019-04-17,2019,4,17,107,2019.2917808219179
1203,Ήπειρος,IOI,20190418,00:00,28,1,2019-04-18,2019,4,18,108,2019.2945205479452
1204,Ήπειρος,IOI,20190419,00:00,26,1,2019-04-19,2019,4,19,109,2019.2972602739726
1205,Ήπειρος,IOI,20190420,00:00,30,1,2019-04-20,2019,4,20,110,2019.3
1206,Ήπειρος,IOI,20190421,00:00,21,1,2019-04-21,2019,4,21,111,2019.3027397260273
1207,Ήπειρος,IOI,20190422,00:00,27,1,2019-04-22,2019,4,22,112,2019.305479452055
1208,Ήπειρος,IOI,20190423,00:00,37,1,2019-04-23,2019,4,23,113,2019.3082191780823
1209,Ήπειρος,IOI,20190424,00:00,73,1,2019-04-24,2019,4,24,114,2019.3109589041096
1210,Ήπειρος,IOI,20190425,00:00,72,1,2019-04-25,2019,4,25,115,2019.313698630137
1211,Ήπειρος,IOI,20190426,00:00,61,1,2019-04-26,2019,4,26,116,2019.3164383561643
1212,Ήπειρος,IOI,20190427,00:00,55,1,2019-04-27,2019,4,27,117,2019.3191780821917
1213,Ήπειρος,IOI,20190428,00:00,23,1,2019-04-28,2019,4,28,118,2019.3219178082193
1214,Ήπειρος,IOI,20190429,00:00,16,1,2019-04-29,2019,4,29,119,2019.3246575342466
1215,Ήπειρος,IOI,20190430,00:00,22,1,2019-04-30,2019,4,30,120,2019.327397260274
1216,Ήπειρος,IOI,20190501,00:00,14,1,2019-05-01,2019,5,1,121,2019.3301369863013
1217,Ήπειρος,IOI,20190502,00:00,20,1,2019-05-02,2019,5,2,122,2019.3328767123287
1218,Ήπειρος,IOI,20190503,00:00,26,1,2019-05-03,2019,5,3,123,2019.335616438356
1219,Ήπειρος,IOI,20190504,00:00,15,1,2019-05-04,2019,5,4,124,2019.3383561643836
1220,Ήπειρος,IOI,20190505,00:00,31,1,2019-05-05,2019,5,5,125,2019.341095890411
1221,Ήπειρος,IOI,20190506,00:00,20,1,2019-05-06,2019,5,6,126,2019.3438356164384
1222,Ήπειρος,IOI,20190507,00:00,14,1,2019-05-07,2019,5,7,127,2019.3465753424657
1223,Ήπειρος,IOI,20190508,00:00,16,1,2019-05-08,2019,5,8,128,2019.349315068493
1224,Ήπειρος,IOI,20190509,00:00,18,1,2019-05-09,2019,5,9,129,2019.3520547945207
1225,Ήπειρος,IOI,20190510,00:00,20,1,2019-05-10,2019,5,10,130,2019.354794520548
1226,Ήπειρος,IOI,20190511,00:00,23,1,2019-05-11,2019,5,11,131,2019.3575342465754
1227,Ήπειρος,IOI,20190512,00:00,21,1,2019-05-12,2019,5,12,132,2019.3602739726027
1228,Ήπειρος,IOI,20190513,00:00,15,1,2019-05-13,2019,5,13,133,2019.36301369863
1229,Ήπειρος,IOI,20190514,00:00,21,1,2019-05-14,2019,5,14,134,2019.3657534246574
1230,Ήπειρος,IOI,20190515,00:00,22,1,2019-05-15,2019,5,15,135,2019.368493150685
1231,Ήπειρος,IOI,20190516,00:00,21,1,2019-05-16,2019,5,16,136,2019.3712328767124
1232,Ήπειρος,IOI,20190517,00:00,22,1,2019-05-17,2019,5,17,137,2019.3739726027397
1233,Ήπειρος,IOI,20190518,00:00,21,1,2019-05-18,2019,5,18,138,2019.376712328767
1234,Ήπειρος,IOI,20190519,00:00,30,1,2019-05-19,2019,5,19,139,2019.3794520547945
1235,Ήπειρος,IOI,20190520,00:00,22,1,2019-05-20,2019,5,20,140,2019.3821917808218
1236,Ήπειρος,IOI,20190521,00:00,22,1,2019-05-21,2019,5,21,141,2019.3849315068494
1237,Ήπειρος,IOI,20190522,00:00,24,1,2019-05-22,2019,5,22,142,2019.3876712328768
1238,Ήπειρος,IOI,20190523,00:00,21,1,2019-05-23,2019,5,23,143,2019.390410958904
1239,Ήπειρος,IOI,20190524,00:00,32,1,2019-05-24,2019,5,24,144,2019.3931506849315
1240,Ήπειρος,IOI,20190525,00:00,20,1,2019-05-25,2019,5,25,145,2019.3958904109588
1241,Ήπειρος,IOI,20190526,00:00,24,1,2019-05-26,2019,5,26,146,2019.3986301369864
1242,Ήπειρος,IOI,20190527,00:00,29,1,2019-05-27,2019,5,27,147,2019.4013698630138
1243,Ήπειρος,IOI,20190528,00:00,20,1,2019-05-28,2019,5,28,148,2019.4041095890411
1244,Ήπειρος,IOI,20190529,00:00,17,1,2019-05-29,2019,5,29,149,2019.4068493150685
1245,Ήπειρος,IOI,20190530,00:00,21,1,2019-05-30,2019,5,30,150,2019.4095890410958
1246,Ήπειρος,IOI,20190531,00:00,21,1,2019-05-31,2019,5,31,151,2019.4123287671232
1247,Ήπειρος,IOI,20190601,00:00,23,1,2019-06-01,2019,6,1,152,2019.4150684931508
1248,Ήπειρος,IOI,20190602,00:00,21,1,2019-06-02,2019,6,2,153,2019.4178082191781
1249,Ήπειρος,IOI,20190603,00:00,14,1,2019-06-03,2019,6,3,154,2019.4205479452055
1250,Ήπειρος,IOI,20190604,00:00,18,1,2019-06-04,2019,6,4,155,2019.4232876712329
1251,Ήπειρος,IOI,20190605,00:00,23,1,2019-06-05,2019,6,5,156,2019.4260273972602
1252,Ήπειρος,IOI,20190606,00:00,23,1,2019-06-06,2019,6,6,157,2019.4287671232876
1253,Ήπειρος,IOI,20190607,00:00,37,1,2019-06-07,2019,6,7,158,2019.4315068493152
1254,Ήπειρος,IOI,20190608,00:00,57,1,2019-06-08,2019,6,8,159,2019.4342465753425
1255,Ήπειρος,IOI,20190609,00:00,49,1,2019-06-09,2019,6,9,160,2019.4369863013699
1256,Ήπειρος,IOI,20190610,00:00,39,1,2019-06-10,2019,6,10,161,2019.4397260273972
1257,Ήπειρος,IOI,20190611,00:00,35,1,2019-06-11,2019,6,11,162,2019.4424657534246
1258,Ήπειρος,IOI,20190612,00:00,48,1,2019-06-12,2019,6,12,163,2019.445205479452
1259,Ήπειρος,IOI,20190613,00:00,54,1,2019-06-13,2019,6,13,164,2019.4479452054795
1260,Ήπειρος,IOI,20190614,00:00,71,1,2019-06-14,2019,6,14,165,2019.4506849315069
1261,Ήπειρος,IOI,20190615,00:00,61,1,2019-06-15,2019,6,15,166,2019.4534246575342
1262,Ήπειρος,IOI,20190616,00:00,39,1,2019-06-16,2019,6,16,167,2019.4561643835616
1263,Ήπειρος,IOI,20190617,00:00,33,1,2019-06-17,2019,6,17,168,2019.458904109589
1264,Ήπειρος,IOI,20190618,00:00,32,1,2019-06-18,2019,6,18,169,2019.4616438356165
1265,Ήπειρος,IOI,20190619,00:00,35,1,2019-06-19,2019,6,19,170,2019.464383561644
1266,Ήπειρος,IOI,20190620,00:00,38,1,2019-06-20,2019,6,20,171,2019.4671232876713
1267,Ήπειρος,IOI,20190621,00:00,28,1,2019-06-21,2019,6,21,172,2019.4698630136986
1268,Ήπειρος,IOI,20190622,00:00,41,1,2019-06-22,2019,6,22,173,2019.472602739726
1269,Ήπειρος,IOI,20190623,00:00,46,1,2019-06-23,2019,6,23,174,2019.4753424657533
1270,Ήπειρος,IOI,20190624,00:00,41,1,2019-06-24,2019,6,24,175,2019.478082191781
1271,Ήπειρος,IOI,20190625,00:00,29,1,2019-06-25,2019,6,25,176,2019.4808219178083
1272,Ήπειρος,IOI,20190626,00:00,31,1,2019-06-26,2019,6,26,177,2019.4835616438356
1273,Ήπειρος,IOI,20190627,00:00,31,1,2019-06-27,2019,6,27,178,2019.486301369863
1274,Ήπειρος,IOI,20190628,00:00,41,1,2019-06-28,2019,6,28,179,2019.4890410958903
1275,Ήπειρος,IOI,20190629,00:00,41,1,2019-06-29,2019,6,29,180,2019.4917808219177
1276,Ήπειρος,IOI,20190630,00:00,27,1,2019-06-30,2019,6,30,181,2019.4945205479453
1277,Ήπειρος,IOI,20190701,00:00,33,1,2019-07-01,2019,7,1,182,2019.4972602739726
1278,Ήπειρος,IOI,20190702,00:00,45,1,2019-07-02,2019,7,2,183,2019.5
1279,Ήπειρος,IOI,20190703,00:00,63,1,2019-07-03,2019,7,3,184,2019.5027397260274
1280,Ήπειρος,IOI,20190704,00:00,53,1,2019-07-04,2019,7,4,185,2019.5054794520547
1281,Ήπειρος,IOI,20190705,00:00,55,1,2019-07-05,2019,7,5,186,2019.5082191780823
1282,Ήπειρος,IOI,20190706,00:00,45,1,2019-07-06,2019,7,6,187,2019.5109589041097
1283,Ήπειρος,IOI,20190707,00:00,52,1,2019-07-07,2019,7,7,188,2019.513698630137
1284,Ήπειρος,IOI,20190708,00:00,50,1,2019-07-08,2019,7,8,189,2019.5164383561644
1285,Ήπειρος,IOI,20190709,00:00,52,1,2019-07-09,2019,7,9,190,2019.5191780821917
1286,Ήπειρος,IOI,20190710,00:00,52,1,2019-07-10,2019,7,10,191,2019.521917808219
1287,Ήπειρος,IOI,20190711,00:00,22,1,2019-07-11,2019,7,11,192,2019.5246575342467
1288,Ήπειρος,IOI,20190712,00:00,27,1,2019-07-12,2019,7,12,193,2019.527397260274
1289,Ήπειρος,IOI,20190713,00:00,32,1,2019-07-13,2019,7,13,194,2019.5301369863014
1290,Ήπειρος,IOI,20190714,00:00,22,1,2019-07-14,2019,7,14,195,2019.5328767123287
1291,Ήπειρος,IOI,20190715,00:00,29,1,2019-07-15,2019,7,15,196,2019.535616438356
1292,Ήπειρος,IOI,20190716,00:00,17,1,2019-07-16,2019,7,16,197,2019.5383561643835
1293,Ήπειρος,IOI,20190717,00:00,30,1,2019-07-17,2019,7,17,198,2019.541095890411
1294,Ήπειρος,IOI,20190718,00:00,27,1,2019-07-18,2019,7,18,199,2019.5438356164384
1295,Ήπειρος,IOI,20190719,00:00,37,1,2019-07-19,2019,7,19,200,2019.5465753424658
1296,Ήπειρος,IOI,20190720,00:00,34,1,2019-07-20,2019,7,20,201,2019.5493150684931
1297,Ήπειρος,IOI,20190721,00:00,38,1,2019-07-21,2019,7,21,202,2019.5520547945205
1298,Ήπειρος,IOI,20190722,00:00,39,1,2019-07-22,2019,7,22,203,2019.554794520548
1299,Ήπειρος,IOI,20190723,00:00,47,1,2019-07-23,2019,7,23,204,2019.5575342465754
1300,Ήπειρος,IOI,20190724,00:00,30,1,2019-07-24,2019,7,24,205,2019.5602739726028
1301,Ήπειρος,IOI,20190725,00:00,33,1,2019-07-25,2019,7,25,206,2019.5630136986301
1302,Ήπειρος,IOI,20190726,00:00,32,1,2019-07-26,2019,7,26,207,2019.5657534246575
1303,Ήπειρος,IOI,20190727,00:00,29,1,2019-07-27,2019,7,27,208,2019.5684931506848
1304,Ήπειρος,IOI,20190728,00:00,28,1,2019-07-28,2019,7,28,209,2019.5712328767124
1305,Ήπειρος,IOI,20190729,00:00,38,1,2019-07-29,2019,7,29,210,2019.5739726027398
1306,Ήπειρος,IOI,20190730,00:00,26,1,2019-07-30,2019,7,30,211,2019.5767123287671
1307,Ήπειρος,IOI,20190731,00:00,34,1,2019-07-31,2019,7,31,212,2019.5794520547945
1308,Ήπειρος,IOI,20190801,00:00,36,1,2019-08-01,2019,8,1,213,2019.5821917808219
1309,Ήπειρος,IOI,20190802,00:00,44,1,2019-08-02,2019,8,2,214,2019.5849315068492
1310,Ήπειρος,IOI,20190803,00:00,43,1,2019-08-03,2019,8,3,215,2019.5876712328768
1311,Ήπειρος,IOI,20190804,00:00,33,1,2019-08-04,2019,8,4,216,2019.5904109589042
1312,Ήπειρος,IOI,20190805,00:00,27,1,2019-08-05,2019,8,5,217,2019.5931506849315
1313,Ήπειρος,IOI,20190806,00:00,35,1,2019-08-06,2019,8,6,218,2019.5958904109589
1314,Ήπειρος,IOI,20190807,00:00,32,1,2019-08-07,2019,8,7,219,2019.5986301369862
1315,Ήπειρος,IOI,20190808,00:00,29,1,2019-08-08,2019,8,8,220,2019.6013698630136
1316,Ήπειρος,IOI,20190809,00:00,53,1,2019-08-09,2019,8,9,221,2019.6041095890412
1317,Ήπειρος,IOI,20190810,00:00,45,1,2019-08-10,2019,8,10,222,2019.6068493150685
1318,Ήπειρος,IOI,20190811,00:00,40,1,2019-08-11,2019,8,11,223,2019.609589041096
1319,Ήπειρος,IOI,20190812,00:00,31,1,2019-08-12,2019,8,12,224,2019.6123287671232
1320,Ήπειρος,IOI,20190813,00:00,40,1,2019-08-13,2019,8,13,225,2019.6150684931506
1321,Ήπειρος,IOI,20190814,00:00,43,1,2019-08-14,2019,8,14,226,2019.6178082191782
1322,Ήπειρος,IOI,20190815,00:00,46,1,2019-08-15,2019,8,15,227,2019.6205479452055
1323,Ήπειρος,IOI,20190816,00:00,25,1,2019-08-16,2019,8,16,228,2019.623287671233
1324,Ήπειρος,IOI,20190817,00:00,31,1,2019-08-17,2019,8,17,229,2019.6260273972603
1325,Ήπειρος,IOI,20190818,00:00,37,1,2019-08-18,2019,8,18,230,2019.6287671232876
1326,Ήπειρος,IOI,20190819,00:00,30,1,2019-08-19,2019,8,19,231,2019.631506849315
1327,Ήπειρος,IOI,20190820,00:00,34,1,2019-08-20,2019,8,20,232,2019.6342465753426
1328,Ήπειρος,IOI,20190821,00:00,36,1,2019-08-21,2019,8,21,233,2019.63698630137
1329,Ήπειρος,IOI,20190822,00:00,39,1,2019-08-22,2019,8,22,234,2019.6397260273973
1330,Ήπειρος,IOI,20190823,00:00,37,1,2019-08-23,2019,8,23,235,2019.6424657534246
1331,Ήπειρος,IOI,20190824,00:00,35,1,2019-08-24,2019,8,24,236,2019.645205479452
1332,Ήπειρος,IOI,20190825,00:00,35,1,2019-08-25,2019,8,25,237,2019.6479452054793
1333,Ήπειρος,IOI,20190826,00:00,39,1,2019-08-26,2019,8,26,238,2019.650684931507
1334,Ήπειρος,IOI,20190827,00:00,44,1,2019-08-27,2019,8,27,239,2019.6534246575343
1335,Ήπειρος,IOI,20190828,00:00,33,1,2019-08-28,2019,8,28,240,2019.6561643835616
1336,Ήπειρος,IOI,20190829,00:00,37,1,2019-08-29,2019,8,29,241,2019.658904109589
1337,Ήπειρος,IOI,20190830,00:00,40,1,2019-08-30,2019,8,30,242,2019.6616438356164
1338,Ήπειρος,IOI,20190831,00:00,45,1,2019-08-31,2019,8,31,243,2019.664383561644
1339,Ήπειρος,IOI,20190901,00:00,43,1,2019-09-01,2019,9,1,244,2019.6671232876713
1340,Ήπειρος,IOI,20190902,00:00,40,1,2019-09-02,2019,9,2,245,2019.6698630136987
1341,Ήπειρος,IOI,20190903,00:00,37,1,2019-09-03,2019,9,3,246,2019.672602739726
1342,Ήπειρος,IOI,20190904,00:00,26,1,2019-09-04,2019,9,4,247,2019.6753424657534
1343,Ήπειρος,IOI,20190905,00:00,44,1,2019-09-05,2019,9,5,248,2019.6780821917807
1344,Ήπειρος,IOI,20190906,00:00,50,1,2019-09-06,2019,9,6,249,2019.6808219178083
1345,Ήπειρος,IOI,20190907,00:00,31,1,2019-09-07,2019,9,7,250,2019.6835616438357
1346,Ήπειρος,IOI,20190908,00:00,27,1,2019-09-08,2019,9,8,251,2019.686301369863
1347,Ήπειρος,IOI,20190909,00:00,30,1,2019-09-09,2019,9,9,252,2019.6890410958904
1348,Ήπειρος,IOI,20190910,00:00,33,1,2019-09-10,2019,9,10,253,2019.6917808219177
1349,Ήπειρος,IOI,20190911,00:00,38,1,2019-09-11,2019,9,11,254,2019.694520547945
1350,Ήπειρος,IOI,20190912,00:00,27,1,2019-09-12,2019,9,12,255,2019.6972602739727
1351,Ήπειρος,IOI,20190913,00:00,34,1,2019-09-13,2019,9,13,256,2019.7
1352,Ήπειρος,IOI,20190914,00:00,38,1,2019-09-14,2019,9,14,257,2019.7027397260274
1353,Ήπειρος,IOI,20190915,00:00,42,1,2019-09-15,2019,9,15,258,2019.7054794520548
1354,Ήπειρος,IOI,20190916,00:00,49,1,2019-09-16,2019,9,16,259,2019.7082191780821
1355,Ήπειρος,IOI,20190917,00:00,36,1,2019-09-17,2019,9,17,260,2019.7109589041097
1356,Ήπειρος,IOI,20190918,00:00,37,1,2019-09-18,2019,9,18,261,2019.713698630137
1357,Ήπειρος,IOI,20190919,00:00,38,1,2019-09-19,2019,9,19,262,2019.7164383561644
1358,Ήπειρος,IOI,20190920,00:00,14,1,2019-09-20,2019,9,20,263,2019.7191780821918
1359,Ήπειρος,IOI,20190921,00:00,22,1,2019-09-21,2019,9,21,264,2019.7219178082191
1360,Ήπειρος,IOI,20190922,00:00,22,1,2019-09-22,2019,9,22,265,2019.7246575342465
1361,Ήπειρος,IOI,20190923,00:00,29,1,2019-09-23,2019,9,23,266,2019.727397260274
1362,Ήπειρος,IOI,20190924,00:00,31,1,2019-09-24,2019,9,24,267,2019.7301369863014
1363,Ήπειρος,IOI,20190925,00:00,25,1,2019-09-25,2019,9,25,268,2019.7328767123288
1364,Ήπειρος,IOI,20190926,00:00,24,1,2019-09-26,2019,9,26,269,2019.7356164383561
1365,Ήπειρος,IOI,20190927,00:00,25,1,2019-09-27,2019,9,27,270,2019.7383561643835
1366,Ήπειρος,IOI,20190928,00:00,27,1,2019-09-28,2019,9,28,271,2019.7410958904109
1367,Ήπειρος,IOI,20190929,00:00,27,1,2019-09-29,2019,9,29,272,2019.7438356164384
1368,Ήπειρος,IOI,20190930,00:00,29,1,2019-09-30,2019,9,30,273,2019.7465753424658
1369,Ήπειρος,IOI,20191001,00:00,28,1,2019-10-01,2019,10,1,274,2019.7493150684932
1370,Ήπειρος,IOI,20191002,00:00,25,1,2019-10-02,2019,10,2,275,2019.7520547945205
1371,Ήπειρος,IOI,20191003,00:00,16,1,2019-10-03,2019,10,3,276,2019.7547945205479
1372,Ήπειρος,IOI,20191004,00:00,12,1,2019-10-04,2019,10,4,277,2019.7575342465752
1373,Ήπειρος,IOI,20191005,00:00,19,1,2019-10-05,2019,10,5,278,2019.7602739726028
1374,Ήπειρος,IOI,20191006,00:00,18,1,2019-10-06,2019,10,6,279,2019.7630136986302
1375,Ήπειρος,IOI,20191007,00:00,16,1,2019-10-07,2019,10,7,280,2019.7657534246575
1376,Ήπειρος,IOI,20191008,00:00,13,1,2019-10-08,2019,10,8,281,2019.768493150685
1377,Ήπειρος,IOI,20191009,00:00,21,1,2019-10-09,2019,10,9,282,2019.7712328767122
1378,Ήπειρος,IOI,20191010,00:00,28,1,2019-10-10,2019,10,10,283,2019.7739726027398
1379,Ήπειρος,IOI,20191011,00:00,27,1,2019-10-11,2019,10,11,284,2019.7767123287672
1380,Ήπειρος,IOI,20191012,00:00,34,1,2019-10-12,2019,10,12,285,2019.7794520547945
1381,Ήπειρος,IOI,20191013,00:00,32,1,2019-10-13,2019,10,13,286,2019.782191780822
1382,Ήπειρος,IOI,20191014,00:00,35,1,2019-10-14,2019,10,14,287,2019.7849315068493
1383,Ήπειρος,IOI,20191015,00:00,31,1,2019-10-15,2019,10,15,288,2019.7876712328766
1384,Ήπειρος,IOI,20191016,00:00,27,1,2019-10-16,2019,10,16,289,2019.7904109589042
1385,Ήπειρος,IOI,20191017,00:00,33,1,2019-10-17,2019,10,17,290,2019.7931506849316
1386,Ήπειρος,IOI,20191018,00:00,30,1,2019-10-18,2019,10,18,291,2019.795890410959
1387,Ήπειρος,IOI,20191019,00:00,25,1,2019-10-19,2019,10,19,292,2019.7986301369863
1388,Ήπειρος,IOI,20191020,00:00,28,1,2019-10-20,2019,10,20,293,2019.8013698630136
1389,Ήπειρος,IOI,20191021,00:00,36,1,2019-10-21,2019,10,21,294,2019.804109589041
1390,Ήπειρος,IOI,20191022,00:00,37,1,2019-10-22,2019,10,22,295,2019.8068493150686
1391,Ήπειρος,IOI,20191023,00:00,32,1,2019-10-23,2019,10,23,296,2019.809589041096
1392,Ήπειρος,IOI,20191024,00:00,46,1,2019-10-24,2019,10,24,297,2019.8123287671233
1393,Ήπειρος,IOI,20191025,00:00,40,1,2019-10-25,2019,10,25,298,2019.8150684931506
1394,Ήπειρος,IOI,20191026,00:00,43,1,2019-10-26,2019,10,26,299,2019.817808219178
1395,Ήπειρος,IOI,20191027,00:00,37,1,2019-10-27,2019,10,27,300,2019.8205479452056
1396,Ήπειρος,IOI,20191028,00:00,47,1,2019-10-28,2019,10,28,301,2019.823287671233
1397,Ήπειρος,IOI,20191029,00:00,41,1,2019-10-29,2019,10,29,302,2019.8260273972603
1398,Ήπειρος,IOI,20191030,00:00,39,1,2019-10-30,2019,10,30,303,2019.8287671232877
1399,Ήπειρος,IOI,20191031,00:00,22,1,2019-10-31,2019,10,31,304,2019.831506849315
1400,Ήπειρος,IOI,20191101,00:00,21,1,2019-11-01,2019,11,1,305,2019.8342465753424
1401,Ήπειρος,IOI,20191102,00:00,17,1,2019-11-02,2019,11,2,306,2019.83698630137
1402,Ήπειρος,IOI,20191103,00:00,19,1,2019-11-03,2019,11,3,307,2019.8397260273973
1403,Ήπειρος,IOI,20191104,00:00,19,1,2019-11-04,2019,11,4,308,2019.8424657534247
1404,Ήπειρος,IOI,20191105,00:00,20,1,2019-11-05,2019,11,5,309,2019.845205479452
1405,Ήπειρος,IOI,20191106,00:00,19,1,2019-11-06,2019,11,6,310,2019.8479452054794
1406,Ήπειρος,IOI,20191107,00:00,16,1,2019-11-07,2019,11,7,311,2019.8506849315067
1407,Ήπειρος,IOI,20191108,00:00,23,1,2019-11-08,2019,11,8,312,2019.8534246575343
1408,Ήπειρος,IOI,20191109,00:00,18,1,2019-11-09,2019,11,9,313,2019.8561643835617
1409,Ήπειρος,IOI,20191110,00:00,20,1,2019-11-10,2019,11,10,314,2019.858904109589
1410,Ήπειρος,IOI,20191111,00:00,25,1,2019-11-11,2019,11,11,315,2019.8616438356164
1411,Ήπειρος,IOI,20191112,00:00,32,1,2019-11-12,2019,11,12,316,2019.8643835616438
1412,Ήπειρος,IOI,20191113,00:00,31,1,2019-11-13,2019,11,13,317,2019.8671232876711
1413,Ήπειρος,IOI,20191114,00:00,31,1,2019-11-14,2019,11,14,318,2019.8698630136987
1414,Ήπειρος,IOI,20191115,00:00,20,1,2019-11-15,2019,11,15,319,2019.872602739726
1415,Ήπειρος,IOI,20191116,00:00,22,1,2019-11-16,2019,11,16,320,2019.8753424657534
1416,Ήπειρος,IOI,20191117,00:00,25,1,2019-11-17,2019,11,17,321,2019.8780821917808
1417,Ήπειρος,IOI,20191118,00:00,23,1,2019-11-18,2019,11,18,322,2019.8808219178081
1418,Ήπειρος,IOI,20191119,00:00,27,1,2019-11-19,2019,11,19,323,2019.8835616438357
1419,Ήπειρος,IOI,20191120,00:00,23,1,2019-11-20,2019,11,20,324,2019.886301369863
1420,Ήπειρος,IOI,20191121,00:00,41,1,2019-11-21,2019,11,21,325,2019.8890410958904
1421,Ήπειρος,IOI,20191122,00:00,33,1,2019-11-22,2019,11,22,326,2019.8917808219178
1422,Ήπειρος,IOI,20191123,00:00,29,1,2019-11-23,2019,11,23,327,2019.8945205479451
1423,Ήπειρος,IOI,20191124,00:00,22,1,2019-11-24,2019,11,24,328,2019.8972602739725
1424,Ήπειρος,IOI,20191125,00:00,14,1,2019-11-25,2019,11,25,329,2019.9
1425,Ήπειρος,IOI,20191126,00:00,49,1,2019-11-26,2019,11,26,330,2019.9027397260274
1426,Ήπειρος,IOI,20191127,00:00,50,1,2019-11-27,2019,11,27,331,2019.9054794520548
1427,Ήπειρος,IOI,20191128,00:00,22,1,2019-11-28,2019,11,28,332,2019.9082191780822
1428,Ήπειρος,IOI,20191129,00:00,28,1,2019-11-29,2019,11,29,333,2019.9109589041095
1429,Ήπειρος,IOI,20191130,00:00,33,1,2019-11-30,2019,11,30,334,2019.9136986301369
1430,Ήπειρος,IOI,20191201,00:00,34,1,2019-12-01,2019,12,1,335,2019.9164383561645
1431,Ήπειρος,IOI,20191202,00:00,35,1,2019-12-02,2019,12,2,336,2019.9191780821918
1432,Ήπειρος,IOI,20191203,00:00,53,1,2019-12-03,2019,12,3,337,2019.9219178082192
1433,Ήπειρος,IOI,20191204,00:00,16,1,2019-12-04,2019,12,4,338,2019.9246575342465
1434,Ήπειρος,IOI,20191205,00:00,45,1,2019-12-05,2019,12,5,339,2019.927397260274
1435,Ήπειρος,IOI,20191206,00:00,51,1,2019-12-06,2019,12,6,340,2019.9301369863015
1436,Ήπειρος,IOI,20191207,00:00,23,1,2019-12-07,2019,12,7,341,2019.9328767123288
